Stock,Date
스피어파워,2023-08-22
율호,2015-12-01
율호,2022-10-06
덕산하이메탈,2024-01-23
에이프로젠,2002-02-04
하츠,2012-05-09
주성코퍼레이션,2018-06-05
에이프로젠바이오로직스,2001-08-24
타임기술,2024-04-03
CJ프레시웨이,2009-03-11
CJ프레시웨이,2011-12-23
아모레퍼시픽그룹,2007-06-18
광진실업,2002-04-08
협진,2014-06-19
세코닉스,2022-03-08
플랜티넷,2020-07-13
이엔플러스,2006-02-06
이엔플러스,2006-11-27
미래아이앤지,2010-01-18
와이투솔루션,2006-10-27
리드코프,2002-01-02
한글과컴퓨터,2003-08-12
3S,2021-08-27
태양금속공업,2014-09-03
유비케어,2012-08-14
유비케어,2024-01-25
조비,2006-02-21
조비,2018-07-30
아비코전자,2010-09-06
이스타코,2002-01-11
한국알콜,2006-06-21
한국알콜,2019-01-10
누리플렉스,2009-07-22
이글벳,2011-08-01
플레이그램,2011-09-29
플레이그램,2013-07-15
플레이그램,2015-04-03
마크로젠,2013-04-15
TYM,2012-02-08
파이버프로,2023-06-15
한일사료,2005-04-04
동신건설,2015-05-22
레몬,2020-06-30
한국공항,2001-03-27
한국공항,2015-01-21
씨아이테크,2020-07-13
유라테크,2010-02-19
유라테크,2012-05-04
유라테크,2020-10-19
고려제강,2001-04-24
테라사이언스,2015-05-11
테라사이언스,2019-01-07
미창석유공업,2001-10-29
신화인터텍,2003-02-05
다우기술,2012-01-05
삼영에스앤씨,2021-12-24
부광약품,2009-03-12
휴온스글로벌,2011-12-23
휴온스글로벌,2014-12-08
미원홀딩스,2010-05-24
이연제약,2020-10-05
엔피디,2023-12-05
에코볼트,2009-03-10
현대바이오,2009-03-26
현대바이오,2016-05-12
신테카바이오,2020-08-26
신테카바이오,2023-01-06
씨앤씨인터내셔널,2023-08-07
모헨즈,2000-08-04
모헨즈,2005-05-13
CS,2009-03-20
CS,2015-12-10
드래곤플라이,2010-06-25
에스엠벡셀,2000-10-23
에스엠벡셀,2004-02-19
피에스케이홀딩스,2002-01-02
피에스케이홀딩스,2012-02-20
대한약품,2011-10-12
대한약품,2011-12-29
DRB동일,2020-07-13
네이블,2022-01-04
호텔신라,2016-04-19
모아텍,2003-08-18
한솔인티큐브,2007-03-13
한솔인티큐브,2007-08-01
한솔인티큐브,2011-09-02
한솔인티큐브,2020-03-30
다날,2009-09-17
다날,2012-08-14
다날,2012-11-28
다날,2020-10-28
유진테크,2023-08-21
삼보판지,2019-06-11
유유제약,2012-12-11
유유제약,2015-06-24
한빛소프트,2003-06-13
한빛소프트,2014-11-26
한빛소프트,2021-05-25
피제이메탈,2019-12-13
피제이메탈,2023-06-07
현대해상,2018-09-27
엠케이전자,2002-01-29
참좋은여행,2015-06-24
모다이노칩,2016-07-01
인바이오젠,2015-01-12
대유에이텍,2001-08-07
대유에이텍,2003-01-09
대유에이텍,2005-11-29
RF머트리얼즈,2023-01-11
세방,2000-08-17
세방,2005-01-24
농우바이오,2005-04-06
농우바이오,2010-03-02
신풍제약,2005-05-23
나노신소재,2019-03-22
한솔아이원스,2017-07-18
솔브레인홀딩스,2023-10-20
효성,2013-07-02
디티앤씨,2018-05-29
대봉엘에스,2012-01-06
대봉엘에스,2018-04-02
POSCO홀딩스,2023-06-07
한국앤컴퍼니,2021-03-29
SK하이닉스,2000-08-18
나라엠앤디,2020-09-17
대아티아이,2006-02-21
대아티아이,2019-11-08
대아티아이,2021-07-28
남선알미늄,2000-08-16
남선알미늄,2005-09-09
남선알미늄,2008-10-01
인성정보,2005-09-12
룽투코리아,2012-07-06
어보브반도체,2021-06-15
화성밸브,2009-07-16
엔터파트너즈,2022-10-05
디지틀조선,2003-07-18
시공테크,2004-01-07
시공테크,2012-01-03
서울식품공업,2008-04-23
삼일제약,2018-08-24
삼일제약,2019-11-06
삼일제약,2020-07-23
에이텍모빌리티,2020-07-01
에이텍모빌리티,2020-10-14
엘디티,2009-08-14
팜젠사이언스,2000-05-09
이지홀딩스,2009-03-20
HD현대에너지솔루션,2022-03-02
이엠티,2016-08-25
이엠티,2018-02-07
이엠티,2019-02-19
네패스,2009-10-12
KR모터스,2014-06-11
지엔코,2003-06-17
지엔코,2011-11-07
지엔코,2020-01-10
EG,2006-07-06
쌍방울,2022-06-13
한울소재과학,2009-03-26
케이바이오,2020-11-30
케이바이오,2021-09-01
서원,2009-02-04
서원,2016-07-01
팜스코,2000-08-17
팜스코,2009-07-06
바이온,2018-01-02
세아베스틸지주,2002-05-28
삼성SDI,2008-05-16
제이앤티씨,2020-06-26
영풍제지,2021-02-01
영풍제지,2021-04-08
국동,2009-03-16
국동,2010-06-07
국동,2012-03-20
휴림로봇,2009-03-20
일진전기,2012-02-27
일진전기,2023-08-25
일진전기,2023-11-27
유한양행,2000-09-29
성창기업지주,2001-01-11
성창기업지주,2001-10-31
도이치모터스,2007-02-22
도이치모터스,2009-06-03
도이치모터스,2011-01-03
세우글로벌,2014-03-27
포스코스틸리온,2023-02-17
포스코스틸리온,2023-06-14
인지컨트롤스,2011-05-31
인지컨트롤스,2022-09-19
유수홀딩스,2004-10-28
유수홀딩스,2014-12-02
스페코,2010-11-24
신라에스지,2002-01-08
에스코넥,2018-06-01
HL D&I,2019-11-08
SG,2018-07-26
안랩,2019-11-05
코스맥스,2014-08-22
코스맥스,2021-05-27
한국카본,2022-02-25
TJ미디어,2009-11-02
서진오토모티브,2018-01-19
삼양패키징,2023-03-08
한일화학,2015-05-26
제룡산업,2012-11-23
에스제이엠홀딩스,2000-08-17
에스제이엠홀딩스,2005-08-26
에스제이엠홀딩스,2010-12-09
뉴보텍,2005-12-01
판도라티비,2016-07-15
판도라티비,2024-03-25
오리온홀딩스,2011-09-09
오리온홀딩스,2015-03-19
오리온홀딩스,2021-01-28
조광페인트,2012-06-12
HDC현대EP,2011-06-21
HDC현대EP,2021-11-17
유엑스엔,2020-06-09
서전기전,2018-10-12
아난티,2001-11-27
아난티,2011-09-06
HLB,2017-03-03
압타바이오,2023-05-31
에넥스,2012-06-12
큐엠씨,2017-02-28
큐엠씨,2018-06-14
베셀,2017-06-07
에이디테크놀로지,2023-09-05
에이디테크놀로지,2024-02-15
휠라홀딩스,2022-10-19
하나투어,2017-01-19
유니테크노,2017-04-04
한솔로지스틱스,2004-08-16
우리기술투자,2009-03-12
우리기술투자,2024-02-14
관악산업,2016-09-08
관악산업,2016-10-04
관악산업,2017-09-20
옵티시스,2021-09-01
삼양홀딩스,2006-01-06
굿센,2017-04-21
크리스탈신소재,2020-06-30
이수페타시스,2004-10-11
이화공영,2005-09-12
이화공영,2008-09-09
유아이디,2019-07-08
CG인바이츠,2020-07-29
핑거스토리,2024-02-16
한창,2019-11-08
대주산업,2007-01-04
SK텔레콤,2002-01-03
삼륭물산,2000-06-02
삼륭물산,2004-11-03
이렘,2007-01-04
이렘,2009-03-25
이렘,2015-05-29
LB세미콘,2024-01-25
모바일어플라이언스,2019-03-29
황금에스티,2020-07-13
브리지텍,2024-02-16
KH 필룩스,2009-03-09
동국S&C,2013-11-07
동국S&C,2022-03-02
YTN,2009-06-24
코렌텍,2014-04-03
이비테크,2018-04-13
원익홀딩스,2009-05-18
동원수산,2019-11-06
에코프로,2014-05-29
옵티팜,2022-02-28
DB손해보험,2018-09-27
제이에스티나,2014-12-03
엔피,2023-01-17
유진로봇,2002-02-26
대현,2001-04-17
대현,2016-04-19
HLB테라퓨틱스,2017-12-28
HLB테라퓨틱스,2021-12-08
대림비앤코,2002-10-15
SBS,2011-09-05
국영지앤엠,2011-12-23
국영지앤엠,2018-06-26
LX인터내셔널,2002-01-28
웰크론한텍,2011-08-17
DSR,2020-07-13
롯데이노베이트,2023-04-18
재영솔루텍,2015-02-27
JW중외제약,2020-07-24
남성,2000-08-14
태양,2004-05-24
샘표,2018-07-09
샘표,2019-04-04
SK케미칼,2021-10-08
피에스텍,2020-12-21
MIT,2013-04-15
코오롱인더,2010-10-25
조광ILI,2018-06-07
대원미디어,2010-10-21
대원미디어,2012-11-23
대원미디어,2015-05-19
대원미디어,2018-11-12
아이크래프트,2006-11-02
아이크래프트,2015-08-05
아이크래프트,2024-01-05
휴온스,2022-02-08
DH오토웨어,2005-11-03
DH오토웨어,2012-04-30
삼성출판사,2011-10-13
삼성출판사,2016-10-10
SPC삼립,2001-10-10
보성파워텍,2009-02-16
보성파워텍,2009-03-16
보성파워텍,2011-12-22
보성파워텍,2019-11-05
동원산업,2005-02-07
동원산업,2007-03-27
푸드웰,2005-09-02
LIG넥스원,2016-07-22
삼진제약,2000-05-09
엠투엔,2000-12-08
티에이치엔,2009-09-08
티에이치엔,2015-12-29
대명소노시즌,2006-02-07
대명소노시즌,2009-07-27
KG케미칼,2008-04-15
성호전자,2009-06-25
성호전자,2010-12-10
제이엠티,2011-05-30
위메이드플레이,2014-09-12
브이원텍,2021-03-09
LG화학,2002-08-26
LG화학,2022-07-22
쇼박스,2020-09-15
링크제니시스,2020-12-21
한국금융지주,2004-02-13
한국금융지주,2018-03-12
아이윈플러스,2020-07-20
앤씨앤,2017-02-20
디오,2012-01-06
삼영전자공업,2000-05-09
휴스틸,2005-04-21
에스바이오메딕스,2024-02-14
가온전선,2002-01-28
HDC,2003-06-26
시알홀딩스,2023-06-16
THE MIDONG,2015-04-13
THE MIDONG,2019-04-05
THE MIDONG,2023-04-04
대한뉴팜,2017-10-16
흥구석유,2011-12-23
우진,2022-05-04
KBI메탈,2004-05-11
코이즈,2020-12-21
인터플렉스,2003-08-11
인터플렉스,2009-10-28
부산주공,2006-01-24
테크엘,2005-08-23
썬테크,2017-09-29
썬테크,2019-03-13
GS건설,2021-06-02
데이터스트림즈,2019-07-16
삼부토건,2004-09-17
삼부토건,2018-04-20
한독,2003-06-10
아진산업,2020-09-15
바이오솔루션,2022-09-16
HJ중공업,2014-04-01
인선이엔티,2011-08-19
금호타이어,2007-08-30
세화피앤씨,2018-11-08
세화피앤씨,2019-04-08
퍼스텍,2019-11-05
로보로보,2017-12-27
현대에이치티,2001-07-09
현대에이치티,2011-08-18
현대에이치티,2011-10-18
엄지하우스,2022-11-22
CBI,2000-04-25
CBI,2001-04-26
화승인더스트리,2002-05-09
화승인더스트리,2016-02-29
대원제약,2000-11-16
HD현대일렉트릭,2020-07-13
코미코,2019-04-04
드림씨아이에스,2023-08-03
디젠스,2015-12-18
현우산업,2009-06-26
영보화학,2002-01-04
데브시스터즈,2021-05-31
데브시스터즈,2021-11-12
디앤씨미디어,2018-01-08
이니텍,2005-05-23
이니텍,2011-08-18
아이쓰리시스템,2022-02-10
질경이,2018-08-27
메디콕스,2003-01-14
메디콕스,2007-03-09
메디콕스,2016-01-21
까뮤이앤씨,2009-06-30
까뮤이앤씨,2013-03-12
광림,2021-01-15
삼표시멘트,2003-05-28
삼표시멘트,2006-01-20
탑코미디어,2016-09-23
위메이드,2021-08-17
대창스틸,2021-02-17
제이엠아이,2021-05-13
이랜시스,2022-03-21
컴투스,2014-02-11
웨이버스,2023-08-25
디이엔티,2022-06-02
코닉오토메이션,2022-11-01
서부T&D,2001-01-09
서부T&D,2001-12-17
서부T&D,2006-01-06
서부T&D,2006-02-20
한스바이오메드,2015-03-16
한진중공업홀딩스,2020-11-12
삼영엠텍,2015-03-19
삼영엠텍,2022-07-08
삼현철강,2005-01-20
삼현철강,2009-03-24
한국테크놀로지,2018-01-10
현대코퍼레이션,2003-06-19
티엘아이,2011-12-08
테크트랜스,2018-12-04
케이씨티시,2001-10-15
케이씨티시,2005-11-16
깨끗한나라,2005-09-08
동양철관,2008-02-13
동양철관,2010-04-29
엑사이엔씨,2009-10-14
엑사이엔씨,2023-01-11
조아제약,2004-10-21
조아제약,2010-10-04
한진,2014-08-18
국일신동,2018-11-07
카스,2001-08-02
카스,2005-09-02
카스,2019-03-27
상상인,2010-04-26
싸이토젠,2024-01-31
진양산업,2021-07-28
지니뮤직,2004-03-29
지니뮤직,2004-04-28
동아쏘시오홀딩스,2000-08-18
동아쏘시오홀딩스,2005-08-18
한화투자증권,2018-03-16
부방,2009-03-23
부방,2009-08-04
부방,2015-06-24
YG PLUS,2007-08-24
신도기연,2023-01-16
새로닉스,2005-03-10
새로닉스,2017-11-06
더라미,2001-03-30
남해화학,2010-09-30
남해화학,2013-07-04
알에프텍,2004-11-16
알에프텍,2007-05-29
알에프텍,2010-03-09
알에프텍,2014-12-30
프레스티지바이오파마,2023-01-18
스카이문스테크놀로지,2007-02-21
스카이문스테크놀로지,2011-09-05
에이펙스인텍,2019-07-26
에이펙스인텍,2021-02-05
에이펙스인텍,2022-12-02
신성델타테크,2021-09-03
큐러블,2014-07-14
큐러블,2020-04-08
큐러블,2022-09-21
큐러블,2023-04-21
서호전기,2019-06-11
EMB,2021-04-26
넥슨게임즈,2020-06-24
코스모신소재,2013-04-25
코스모신소재,2022-10-20
HB테크놀러지,2006-11-28
HB테크놀러지,2009-03-24
HB테크놀러지,2013-10-04
블루탑,2019-11-06
SHD,2000-08-09
아우딘퓨쳐스,2022-12-13
대호특수강,2010-03-11
메타랩스,2010-12-27
아미노로직스,2007-06-15
광무,2019-06-21
웅진씽크빅,2020-01-02
영풍,2003-06-23
영풍,2008-04-18
와이엔텍,2007-11-28
와이엔텍,2019-05-23
녹십자,2000-05-08
녹십자,2001-08-01
진매트릭스,2012-02-16
동화약품,2000-03-28
삼화콘덴서공업,2006-02-14
삼화콘덴서공업,2007-05-28
종근당홀딩스,2003-11-18
종근당홀딩스,2008-04-22
보해양조,2004-03-22
보해양조,2004-10-08
유니슨,2004-07-07
유니슨,2005-08-01
SCI평가정보,2003-01-28
SCI평가정보,2006-01-16
비트컴퓨터,2009-09-18
비트컴퓨터,2011-12-12
비트컴퓨터,2021-06-01
심텍홀딩스,2008-12-11
심텍홀딩스,2010-06-22
이건산업,2015-05-21
유화증권,2002-10-21
대창솔루션,2013-09-23
대창솔루션,2019-11-04
에스폴리텍,2020-08-31
알로이스,2020-06-24
진양제약,2015-06-25
진양제약,2021-08-24
안트로젠,2018-05-30
PN풍년,2005-04-14
PN풍년,2009-07-14
코맥스,2003-06-17
코맥스,2009-06-29
제닉,2018-01-19
한솔테크닉스,2019-07-25
셀루메드,2018-01-02
DGP,2005-12-28
DGP,2013-10-31
이브이파킹서비스,2023-10-13
선도전기,2007-08-09
선도전기,2009-12-04
선도전기,2011-09-05
SG세계물산,2001-08-07
SG세계물산,2015-11-24
진도,2007-06-15
진도,2009-01-23
진도,2020-08-07
하이트론씨스템즈,2011-07-07
하이트론씨스템즈,2015-11-26
금호석유화학,2007-08-30
서플러스글로벌,2022-02-08
이랜텍,2010-05-17
이랜텍,2021-12-28
중앙백신,2016-11-10
중앙백신,2019-04-08
기업은행,2011-05-25
파마리서치바이오,2017-02-14
네오리진,2015-06-12
프리엠스,2003-09-09
프리엠스,2017-10-30
세운메디칼,2011-12-13
삼익THK,2009-09-23
삼익THK,2011-07-06
삼익THK,2014-11-10
한세실업,2012-02-06
한세실업,2015-10-06
SNT모티브,2020-07-13
노드메이슨,2022-09-21
강스템바이오텍,2018-11-08
한화오션,2005-05-26
초록뱀미디어,2009-06-25
초록뱀미디어,2012-01-10
초록뱀미디어,2014-07-21
와이오엠,2007-01-09
KISCO홀딩스,2000-08-16
예스코홀딩스,2000-08-14
하나머티리얼즈,2020-09-11
하나머티리얼즈,2023-01-06
하나머티리얼즈,2023-03-20
진성티이씨,2001-03-30
진성티이씨,2008-07-24
휴맥스홀딩스,2020-12-21
이수스페셜티케미컬,2024-01-26
우진비앤지,2022-05-17
케이피티유,2003-06-02
케이피티유,2009-06-12
TPC,2007-01-10
TPC,2007-05-17
TPC,2022-02-25
TPC,2024-03-19
알루코,2015-11-13
대한광통신,2011-12-08
엠씨넥스,2023-03-08
대동고려삼,2016-02-18
대동고려삼,2020-10-07
에스제이지세종,2011-06-15
스맥,2020-07-13
에이루트,2012-09-03
대동금속,2010-10-08
신라교역,2000-08-17
아이디스홀딩스,2016-06-01
한샘,2021-02-09
한샘,2023-01-10
바이오니아,2007-07-25
바이오니아,2020-03-02
바이오니아,2023-04-06
강원랜드,2015-07-09
조광피혁,2000-08-17
조광피혁,2002-05-24
APS,2011-08-18
파나케이아,2009-09-08
웨이브일렉트로,2015-11-30
제일파마홀딩스,2010-12-03
청호ICT,2000-08-17
청호ICT,2009-03-17
타스컴,2022-08-16
파세코,2012-12-14
파세코,2020-04-06
하이소닉,2013-02-13
제이엠멀티,2023-05-08
미래엔에듀파트너,2015-08-27
미래엔에듀파트너,2016-08-03
현대바이오랜드,2009-10-14
STX엔진,2017-07-21
에이티넘인베스트,2008-07-28
에이티넘인베스트,2016-07-14
정원엔시스,2012-07-03
옴니시스템,2013-07-16
옴니시스템,2019-11-04
HLB제약,2019-04-05
풍국주정,2000-08-28
원일특강,2000-05-12
케이엘넷,2017-02-22
화신,2024-02-05
HLB글로벌,2021-06-04
한성크린텍,2003-07-31
한성크린텍,2023-07-31
디아이동일,2000-08-17
예림당,2003-07-03
예림당,2017-05-08
광동헬스바이오,2021-08-17
삼성제약,2003-02-27
뉴인텍,2015-12-07
차바이오텍,2008-09-19
일진홀딩스,2002-07-10
일진홀딩스,2009-02-16
라온시큐어,2010-09-07
캠시스,2011-09-07
한올바이오파마,2001-10-16
이엔에프테크놀로지,2010-09-02
에스티큐브,2009-03-20
에스티큐브,2016-06-14
에스티큐브,2023-04-03
수성웹툰,2020-10-21
세아제강지주,2000-09-21
에스알바이오텍,2023-01-25
에스알바이오텍,2023-06-19
에스알바이오텍,2023-09-01
프로이천,2023-05-19
넥스턴바이오,2021-09-08
액토즈소프트,2023-01-05
텔레칩스,2024-02-16
케스피온,2016-07-14
제이씨현시스템,2016-01-06
아센디오,2006-04-07
아센디오,2008-01-16
아센디오,2014-11-18
포메탈,2020-07-07
포메탈,2021-06-03
인스코비,2006-01-27
인스코비,2013-07-05
제넨바이오,2012-07-17
파라다이스,2017-04-03
우리엔터프라이즈,2000-05-08
랩지노믹스,2021-08-25
SNT에너지,2018-06-26
EDGC,2022-03-25
큐리언트,2018-01-02
큐리언트,2024-03-04
엔에스컴퍼니,2021-09-09
한국주강,2001-08-09
알톤,2014-07-04
오리엔탈정공,2003-07-02
오리엔탈정공,2009-03-20
한국팩키지,2000-04-20
HD현대인프라코어,2001-08-06
풍강,2019-11-05
풍강,2020-07-13
코스맥스비티아이,2011-09-22
혜인,2013-08-05
TS인베스트먼트,2024-02-16
에이직랜드,2024-02-16
네오팜,2012-11-05
바이오스마트,2010-11-15
플루토스,2004-08-13
플루토스,2007-07-25
플루토스,2008-01-23
플루토스,2008-03-05
플루토스,2010-10-12
플루토스,2016-09-08
플루토스,2019-04-04
나이벡,2020-03-06
일동홀딩스,2001-10-15
일동홀딩스,2015-04-03
바이오로그디바이스,2016-03-11
바이오로그디바이스,2023-08-22
대동스틸,2008-07-22
대동스틸,2012-04-27
대동스틸,2013-08-09
웰바이오텍,2007-05-18
웰바이오텍,2016-04-22
케이씨피드,2016-06-15
케이씨피드,2019-06-07
신세계건설,2014-11-12
솔본,2005-11-24
솔본,2010-04-26
솔본,2015-02-27
솔본,2023-01-06
대신정보통신,2012-05-08
대신정보통신,2017-02-03
대신정보통신,2022-10-11
티웨이홀딩스,2011-06-02
원익QnC,2013-10-08
원익QnC,2021-02-17
에스에프에이,2005-06-24
에스에프에이,2009-02-05
로지시스,2018-09-04
케어랩스,2020-06-19
클래시스,2023-08-07
일양약품,2009-05-19
한화솔루션,2003-01-13
화승코퍼레이션,2000-08-14
대원전선,2000-08-22
에스에이티이엔지,2023-05-16
상지건설,2007-07-31
상지건설,2008-03-24
상지건설,2008-06-12
서산,2005-11-25
서산,2013-04-24
에스앤에스텍,2012-10-24
에스앤에스텍,2023-07-17
켐트로닉스,2022-02-08
제룡전기,2000-05-04
제룡전기,2001-04-06
오르비텍,2011-12-09
서연,2005-04-08
자이글,2023-05-22
드림시큐리티,2019-10-25
드림시큐리티,2020-11-23
에스메디,2018-02-22
한화엔진,2022-02-24
메가엠디,2020-03-31
GS글로벌,2020-07-17
SGA솔루션즈,2023-04-04
코오롱,2012-08-10
한국선재,2008-04-16
한국선재,2016-02-19
한국선재,2016-09-22
동양이엔피,2015-11-18
성문전자,2001-05-28
성문전자,2002-11-15
성문전자,2009-03-19
성문전자,2013-07-12
성문전자,2015-11-16
성문전자,2021-11-22
KEC,2020-06-22
티씨케이,2008-02-18
코리안리,2001-05-04
프럼파스트,2005-07-11
우리산업홀딩스,2004-10-21
우리산업홀딩스,2009-10-23
예스티,2024-01-24
아톤,2024-01-24
크라운해태홀딩스,2002-07-19
한국캐피탈,2007-09-05
한국캐피탈,2011-04-11
상상인증권,2012-09-18
상상인증권,2015-01-30
BF랩스,2020-10-29
아즈텍WB,2014-10-21
아즈텍WB,2016-07-21
갤럭시아에스엠,2005-12-12
갤럭시아에스엠,2012-06-26
진흥기업,2003-02-25
케이씨티,2014-01-23
서울리거,2023-07-21
케이엠더블유,2014-04-07
금강철강,2005-04-25
금강철강,2016-05-17
서한,2001-07-12
서한,2007-07-26
삼진엘앤디,2010-03-31
삼진엘앤디,2010-07-19
삼진엘앤디,2018-05-29
한국정보공학,2010-12-24
한국정보공학,2020-07-01
현대에버다임,2008-05-09
이수화학,2000-08-17
이수화학,2020-07-20
동일기연,2005-11-16
동일기연,2007-02-07
동일기연,2009-05-20
동운아나텍,2020-06-22
KD,2015-09-16
KB오토시스,2001-04-26
KB오토시스,2015-09-17
KIB플러그에너지,2007-09-03
쎄트렉아이,2017-02-22
쎄트렉아이,2021-03-30
신원,2000-08-17
신원,2006-02-21
신원,2014-08-25
제노레이,2020-06-26
이오테크닉스,2002-02-25
이오테크닉스,2014-12-22
세원물산,2006-05-25
에이티세미콘,2022-05-03
다이나믹디자인,2018-01-03
특수건설,2000-08-23
특수건설,2001-04-16
특수건설,2001-07-19
특수건설,2007-11-23
특수건설,2014-03-19
특수건설,2019-11-05
한국경제TV,2014-07-04
롯데칠성음료,2000-08-16
이구산업,2000-08-16
대주전자재료,2011-03-24
동성제약,2015-07-02
비케이홀딩스,2006-11-06
대한항공,2015-01-30
신흥에스이씨,2020-09-15
우수AMS,2012-05-17
DSC인베스트먼트,2021-01-27
디아이,2013-03-08
메디프론,2004-06-25
코엔텍,2005-08-11
코엔텍,2009-02-04
코엔텍,2009-10-27
한라IMS,2012-04-04
한라IMS,2016-09-26
DN오토모티브,2000-08-17
수프로,2018-09-04
수프로,2021-05-07
세방전지,2003-08-19
세방전지,2013-07-01
평화산업,2018-03-22
CS홀딩스,2001-08-10
세토피아,2016-11-28
이앤에치,2020-07-31
티케이지휴켐스,2012-11-09
진양화학,2012-01-30
대성파인텍,2015-06-23
에쎈테크,2006-01-11
에쎈테크,2006-02-09
에쎈테크,2007-03-02
도부마스크,2019-02-15
도부마스크,2019-11-15
도부마스크,2023-02-10
삼보산업,2010-09-17
한국전자인증,2017-02-22
한국전자인증,2018-03-12
유신,2007-01-12
유신,2023-08-24
애머릿지,2015-05-26
티사이언티픽,2005-08-01
에이팩트,2021-08-27
우원개발,2016-08-12
SUN&L,2000-06-01
AP헬스케어,2015-01-22
AP헬스케어,2017-01-02
대우부품,2000-08-16
대우부품,2005-11-15
대우부품,2006-06-15
CJ ENM,2011-09-08
에스넷,2023-01-06
포바이포,2023-01-18
세진티에스,2007-04-16
케이비아이동국실업,2000-08-16
주성엔지니어링,2002-01-02
주성엔지니어링,2009-03-25
KB금융,2023-01-06
위닉스,2003-10-20
현대건설,2009-09-15
현대건설,2018-03-12
롯데정밀화학,2010-08-20
롯데정밀화학,2020-07-07
더테크놀로지,2005-01-19
더테크놀로지,2009-01-19
더테크놀로지,2013-04-01
부국철강,2021-09-03
티비에이치글로벌,2011-03-29
티비에이치글로벌,2015-04-03
티비에이치글로벌,2019-09-30
알티캐스트,2022-10-07
한국정보인증,2018-03-09
판타지오,2006-06-13
오공,2006-10-16
오공,2014-05-14
케이피에프,2006-01-09
케이피에프,2020-07-13
뉴프렉스,2009-11-17
인팩,2005-04-08
흥아해운,2002-04-12
에스제이켐,2023-08-11
에스제이켐,2023-08-31
에스제이켐,2024-01-18
에스제이켐,2024-03-04
삼화네트웍스,2019-11-04
동진쎄미켐,2002-01-02
동진쎄미켐,2019-09-04
동진쎄미켐,2020-09-15
강원에너지,2011-12-16
글로본,2007-05-18
글로본,2015-08-06
CMG제약,2005-05-26
CMG제약,2018-03-12
CMG제약,2020-02-07
성안머티리얼스,2023-03-17
플리토,2022-02-25
미래컴퍼니,2011-03-22
지어소프트,2010-02-23
지어소프트,2012-01-26
지어소프트,2019-06-14
에스엔유,2010-12-01
백광산업,2001-04-30
백광산업,2018-01-16
이글루,2014-05-28
삼성공조,2009-07-21
한신공영,2008-01-07
지앤이헬스케어,2020-08-11
한국석유공업,2023-04-05
제주반도체,2015-08-04
우신시스템,2010-05-24
제일바이오,2005-07-28
제일바이오,2009-03-26
인탑스,2015-03-03
케이씨에스,2011-08-26
케이프,2015-05-06
한솔홀딩스,2003-01-14
대창,2006-06-26
대창,2010-11-16
대창,2024-04-02
대한전선,2013-07-11
에스앤더블류,2010-03-09
에스앤더블류,2018-09-17
에스앤더블류,2020-12-24
동일철강,2000-08-24
다우데이타,2009-10-06
중앙에너비스,2009-03-10
중앙에너비스,2011-06-24
오상자이엘,2009-06-24
오상자이엘,2021-08-17
위메이드맥스,2012-11-26
위메이드맥스,2015-01-23
위메이드맥스,2023-04-07
글로벌에스엠,2015-01-28
신원종합개발,2005-09-23
신원종합개발,2012-04-23
나우코스,2022-07-21
나우코스,2023-06-16
대화제약,2022-09-15
대화제약,2024-04-23
에이텍,2005-09-08
에이텍,2020-06-25
삼천당제약,2009-02-02
파워로직스,2012-08-21
한미반도체,2006-01-13
한미반도체,2012-08-21
하이비젼시스템,2014-04-04
제이스텍,2023-01-10
지니언스,2020-09-17
제노텍,2019-11-04
신시웨이,2024-02-13
엔솔바이오사이언스,2023-04-11
에스유홀딩스,2017-07-20
에스유홀딩스,2022-09-20
한국제지,2005-05-25
한국제지,2017-03-02
아이에이치큐,2000-10-12
아이에이치큐,2009-07-01
스마트솔루션즈,2016-06-01
스마트솔루션즈,2019-07-25
안지오랩,2017-11-07
일신석재,2000-11-21
일신석재,2011-12-27
한솔피엔에스,2005-08-24
한솔피엔에스,2010-06-21
금양,2007-07-25
삼일기업공사,2002-05-23
삼일기업공사,2021-08-17
삼일씨엔에스,2020-11-23
DB,2002-05-24
DB,2023-06-05
에쓰씨엔지니어링,2000-08-17
에쓰씨엔지니어링,2014-07-02
블레이드 Ent,2005-04-01
블레이드 Ent,2012-01-06
파루,2009-07-22
파루,2015-07-21
파루,2020-10-28
콤텍시스템,2014-03-26
일성건설,2007-11-29
일성건설,2012-04-06
국보디자인,2003-07-28
국보디자인,2006-01-20
국보디자인,2012-03-29
STX중공업,2020-01-03
STX중공업,2021-06-28
진바이오텍,2009-01-30
진바이오텍,2016-03-04
아이에스동서,2001-05-03
아이에스동서,2019-04-05
엠젠솔루션,2004-10-19
엠젠솔루션,2015-11-04
엠젠솔루션,2018-01-11
코콤,2009-09-16
KH 전자,2016-05-31
켐트로스,2017-09-06
나노캠텍,2018-06-26
체시스,2020-07-01
체시스,2022-05-30
씨앗,2017-07-31
씨앗,2019-11-04
스틱인베스트먼트,2008-04-23
스틱인베스트먼트,2012-11-26
코나아이,2021-08-06
갤럭시아머니트리,2009-03-09
갤럭시아머니트리,2009-03-20
삼천리자전거,2009-01-07
삼천리자전거,2015-07-13
DL,2004-01-30
DL,2022-08-03
젬백스,2015-05-14
알에프세미,2008-03-24
알에프세미,2012-11-06
알에프세미,2020-11-23
원풍물산,2006-04-07
모토닉,2000-08-22
유니포인트,2016-05-25
유니포인트,2018-09-05
아이톡시,2006-04-27
신화콘텍,2016-09-30
신화콘텍,2021-08-19
에이디칩스,2002-05-13
에이디칩스,2013-02-20
NHN벅스,2010-02-17
NHN벅스,2010-10-22
화천기공,2000-06-01
화천기공,2000-07-14
화천기공,2005-05-23
CJ씨푸드,2011-03-08
에이프로,2022-03-02
비덴트,2021-02-10
비덴트,2021-10-19
에이테크솔루션,2010-06-23
뉴지랩파마,2017-04-20
디지아이,2006-01-25
디지아이,2015-06-01
이베스트투자증권,2008-02-22
삼진,2019-02-14
인크로스,2017-02-10
인크로스,2019-06-11
미코,2006-11-06
미코,2010-03-03
미코,2023-09-04
서진시스템,2018-03-12
서진시스템,2019-07-02
모두투어,2015-08-28
코셋,2015-08-10
코셋,2018-08-10
코셋,2020-07-21
코셋,2022-07-27
와이엠,2006-04-03
제넥신,2015-03-17
제넥신,2017-11-07
엔씨소프트,2017-03-15
로보티즈,2022-02-25
우성,2019-03-20
하이록코리아,2017-04-24
바른손,2005-04-04
바른손,2014-05-27
바른손,2015-11-19
케이엔제이,2020-06-29
키네마스터,2019-09-03
RFHIC,2021-06-03
쌍용정보통신,2019-02-08
에프에스티,2019-07-17
크로넥스,2020-01-02
뷰웍스,2011-12-09
이루온,2009-03-18
아이진,2018-03-12
앱클론,2022-10-21
바른손이앤에이,2007-11-22
시큐브,2012-04-26
유니켐,2001-07-13
루트락,2023-01-20
보령,2001-01-04
파인디지털,2009-09-17
파인디지털,2012-11-26
로보쓰리에이아이,2018-05-30
디지털대성,2004-09-09
디지털대성,2005-11-25
동일고무벨트,2015-07-20
헬릭스미스,2018-04-05
해성옵틱스,2018-09-20
후성,2007-08-23
KH바텍,2007-05-28
동양,2008-02-22
나노엔텍,2017-12-28
에스엘,2015-05-22
레드캡투어,2001-01-12
대유,2023-01-04
쎄니트,2003-10-27
쎄니트,2012-07-30
현대제철,2003-08-18
현대제철,2010-02-24
에코캡,2020-07-15
삼일,2000-05-15
유진기업,2005-06-01
효성화학,2020-09-08
효성화학,2021-08-31
커넥트웨이브,2015-05-27
커넥트웨이브,2020-06-19
메지온,2013-02-20
국도화학,2005-11-16
휴니드테크놀러지스,2006-01-18
홈센타홀딩스,2020-09-15
일진디스플,2012-02-16
사람인,2016-09-22
서울제약,2017-05-08
코웰패션,2015-08-28
메이슨캐피탈,2015-11-18
아스트,2019-11-18
에이치케이,2003-06-23
에이치케이,2007-02-08
신일제약,2012-04-20
신일제약,2020-03-04
한화손해보험,2009-07-21
인지디스플레,2002-03-07
인지디스플레,2005-10-26
와이엠티,2019-10-18
SM C&C,2017-04-03
영진약품,2002-01-08
카나리아바이오,2020-09-15
에코바이오,2011-08-17
지에스이,2012-05-09
SIMPAC,2005-09-29
JW신약,2010-12-10
JW신약,2011-09-05
JW신약,2011-12-22
테크엔,2022-10-24
세원정공,2019-06-07
에스퓨얼셀,2021-08-30
대양금속,2010-02-22
티피씨글로벌,2015-06-24
서남,2023-07-28
웰크론,2015-07-16
토탈소프트,2011-04-08
세기상사,2011-08-18
케이피에스,2020-11-27
CNH,2000-11-09
CNH,2002-01-24
CNH,2007-07-23
CNH,2014-06-13
파이오링크,2024-04-26
라닉스,2023-04-13
SM Life Design,2007-02-05
화일약품,2002-12-06
화일약품,2003-06-09
화일약품,2006-01-16
화일약품,2020-03-26
나눔테크,2018-10-04
녹원씨엔아이,2011-04-01
녹원씨엔아이,2012-06-07
씨티알모빌리티,2023-01-13
세진중공업,2020-09-07
동국산업,2000-04-19
틸론,2016-01-29
SNT다이내믹스,2010-05-03
인지소프트,2015-11-19
인지소프트,2019-07-23
엠벤처투자,2004-11-15
엠벤처투자,2005-09-23
스타리츠,2023-06-13
노랑풍선,2021-09-15
사조동아원,2008-05-16
DB금융투자,2020-07-20
코스텍시스,2023-05-10
삼성에스디에스,2020-07-13
듀오백,2019-08-27
듀오백,2023-12-11
유니셈,2004-11-04
유니셈,2020-03-06
유니셈,2023-03-21
유니셈,2023-05-22
TCC스틸,2023-11-07
위월드,2014-12-02
위월드,2015-12-23
위월드,2017-04-26
위월드,2018-07-10
아바코,2018-01-02
아바코,2022-10-06
하이로닉,2017-06-02
흥국화재,2005-04-04
정상제이엘에스,2004-02-19
SG글로벌,2020-07-06
성우전자,2023-05-10
한익스프레스,2001-03-30
한익스프레스,2007-11-14
한익스프레스,2019-06-12
한익스프레스,2023-01-17
우리로,2017-03-28
우리로,2023-01-10
덕성,2013-04-03
덕성,2019-08-22
세원이앤씨,2009-08-28
엔케이맥스,2023-08-16
엘리비젼,2021-12-20
에이엔피,2021-09-29
삼성증권,2018-03-14
팬스타엔터프라이즈,2006-01-19
팬스타엔터프라이즈,2019-04-01
한국미라클피플사,2022-02-24
골드앤에스,2001-07-05
골드앤에스,2005-04-07
케이피엠테크,2023-03-29
버킷스튜디오,2012-11-07
버킷스튜디오,2021-09-10
DB하이텍,2002-01-28
미래산업,2002-03-06
나라소프트,2023-03-16
하이트진로홀딩스,2015-06-25
한일철강,2011-09-05
비엘팜텍,2007-09-03
선광,2000-05-09
선광,2004-01-05
아미코젠,2020-01-02
HL홀딩스,2021-02-17
동아화성,2006-06-12
동아화성,2021-08-10
현대엘리베이터,2003-12-16
동부건설,2000-08-18
동부건설,2016-04-05
고려제약,2009-10-27
고려제약,2020-01-02
서린바이오,2020-02-20
씨에스윈드,2017-08-29
코아스,2015-08-27
코아스,2015-11-18
오로라,2012-11-26
오로라,2019-07-12
감성코퍼레이션,2002-01-29
감성코퍼레이션,2015-06-04
웨스트라이즈,2010-08-05
파라텍,2016-12-01
파라텍,2020-05-26
SOOP,2004-11-18
에스아이리소스,2005-06-14
로지스몬,2021-01-21
로지스몬,2023-11-15
로지스몬,2024-03-14
한일현대시멘트,2005-11-25
서울전자통신,2015-09-18
미래나노텍,2016-11-15
글로벌텍스프리,2021-02-17
와이솔,2015-12-07
덕산네오룩스,2019-08-14
키움증권,2024-01-31
한양디지텍,2014-11-10
아이오케이,2007-06-12
아이오케이,2013-03-28
나노,2016-06-01
나노,2023-06-12
LG생활건강,2002-01-04
LG생활건강,2020-10-07
엔텔스,2013-07-03
와토스코리아,2007-08-08
와토스코리아,2012-08-09
와토스코리아,2022-09-21
씨티씨바이오,2022-02-28
사조산업,2006-10-16
오뚜기,2015-11-19
위지윅스튜디오,2023-01-18
자비스,2022-10-28
비비안,2000-11-28
고려아연,2010-12-15
고려아연,2011-09-02
바텍,2009-06-03
바텍,2014-04-02
다올투자증권,2002-01-29
파트론,2012-08-14
디와이,2009-10-12
디와이,2022-03-21
CJ제일제당,2011-10-25
바디텍메드,2018-03-12
바디텍메드,2020-10-29
MDS테크,2007-11-13
삼화전자공업,2018-01-16
삼영,2021-06-07
지아이텍,2022-10-19
태원물산,2000-11-30
태원물산,2001-01-05
태원물산,2018-06-18
한탑,2009-03-24
한탑,2019-03-29
NHN KCP,2015-07-02
티엔엔터테인먼트,2018-04-05
삼익악기,2002-07-26
휴림에이텍,2006-06-07
휴림에이텍,2010-11-15
휴림에이텍,2015-01-09
이수앱지스,2013-06-20
이수앱지스,2018-04-09
코스모화학,2007-09-17
STX,2016-08-24
이녹스,2011-03-23
폴라리스AI,2011-07-19
SKC,2004-11-04
진원생명과학,2015-01-07
대신증권,2016-02-01
에스원,2010-05-18
동국제약,2019-09-03
고영,2015-02-25
디씨엠,2001-07-30
디씨엠,2021-05-25
대주이엔티,2019-05-16
대주이엔티,2021-09-17
대주이엔티,2022-07-29
에스에이엠티,2021-09-17
코데즈컴바인,2006-03-22
코데즈컴바인,2009-04-28
엘오티베큠,2006-09-04
엘오티베큠,2009-06-22
SGA,2012-08-31
성우하이텍,2011-05-27
성우하이텍,2022-10-19
성우하이텍,2024-02-02
KC그린홀딩스,2013-07-15
신영와코루,2004-11-16
현대약품,2008-01-21
영화금속,2007-07-27
영화금속,2013-03-22
비유테크놀러지,2021-02-17
인텔리안테크,2020-02-14
이노시스,2018-06-29
이노시스,2021-06-21
더존비즈온,2005-03-31
더존비즈온,2006-02-16
한국큐빅,2007-02-06
한국큐빅,2014-08-29
한국큐빅,2020-07-10
한창제지,2002-06-14
한창제지,2009-03-26
삼성전기,2018-08-28
파워풀엑스,2020-07-24
좋은사람들,2015-06-10
좋은사람들,2019-08-16
