Stock,Buy Date,Duration,Sell Price,Return Rate
스피어파워,2023-08-22,35,8390,9.81675392670157
율호,2015-12-01,1,1704,0.4716981132075472
율호,2022-10-06,4,1590,-8.620689655172415
덕산하이메탈,2024-01-23,7,6900,-7.258064516129033
에이프로젠,2002-02-04,22,62791,-8.323599836477252
하츠,2012-05-09,1,5400,2.857142857142857
주성코퍼레이션,2018-06-05,1,73500,8.4070796460177
에이프로젠바이오로직스,2001-08-24,1,77877,-11.397690426076569
타임기술,2024-04-03,1,1890,-0.47393364928909953
CJ프레시웨이,2009-03-11,1,5150,-1.9047619047619049
CJ프레시웨이,2011-12-23,6,25200,-2.5145067698259185
아모레퍼시픽그룹,2007-06-18,9,17061,-8.308701026495404
광진실업,2002-04-08,14,1280,-10.801393728222997
협진,2014-06-19,1,4800,9.115708115480793
세코닉스,2022-03-08,1,10350,-1.4285714285714286
플랜티넷,2020-07-13,1,2599,-0.23032629558541268
이엔플러스,2006-02-06,1,6075,-8.30188679245283
이엔플러스,2006-11-27,1,11485,-1.3739802490339201
미래아이앤지,2010-01-18,2,3960,-11.804008908685969
와이투솔루션,2006-10-27,10,5800,-7.125700560448359
리드코프,2002-01-02,1,72826,11.93667383953274
한글과컴퓨터,2003-08-12,1,8605,2.53813155386082
3S,2021-08-27,60,3665,5.772005772005772
태양금속공업,2014-09-03,1,1190,2.1459227467811157
유비케어,2012-08-14,1,2990,-0.49916805324459235
유비케어,2024-01-25,1,4855,-0.5122950819672131
조비,2006-02-21,1,9419,0.6948898866794954
조비,2018-07-30,1,25200,-4.725897920604915
아비코전자,2010-09-06,57,5100,24.390243902439025
이스타코,2002-01-11,1,367,-9.60591133004926
한국알콜,2006-06-21,1,2494,-0.16012810248198558
한국알콜,2019-01-10,1,7250,-0.2751031636863824
누리플렉스,2009-07-22,1,13600,0.0
이글벳,2011-08-01,1,1960,-4.529956161714564
플레이그램,2011-09-29,3,742,-20.471596998928188
플레이그램,2013-07-15,1,1072,-0.186219739292365
플레이그램,2015-04-03,1,3259,-10.712328767123287
마크로젠,2013-04-15,4,22933,-11.907962970076442
TYM,2012-02-08,1,6605,-5.965261958997722
파이버프로,2023-06-15,45,3685,-1.7333333333333332
한일사료,2005-04-04,1,758,0.0
동신건설,2015-05-22,6,6000,-8.116385911179174
레몬,2020-06-30,1,15180,-2.165506573859242
한국공항,2001-03-27,1,11150,-0.4464285714285714
한국공항,2015-01-21,1,42200,-1.2865497076023393
씨아이테크,2020-07-13,1,1125,0.8968609865470852
유라테크,2010-02-19,1,3800,-2.313624678663239
유라테크,2012-05-04,1,5220,-3.3333333333333335
유라테크,2020-10-19,1,12450,3.75
고려제강,2001-04-24,1,5847,0.0
테라사이언스,2015-05-11,3,1034,-11.244635193133048
테라사이언스,2019-01-07,1,1970,-2.2332506203473943
미창석유공업,2001-10-29,52,7740,2.6525198938992043
신화인터텍,2003-02-05,2,1338,-8.979591836734693
다우기술,2012-01-05,50,13900,-1.4184397163120568
삼영에스앤씨,2021-12-24,1,13200,-0.7518796992481203
부광약품,2009-03-12,1,8153,3.0981284774911484
휴온스글로벌,2011-12-23,1,4353,-1.023192360163711
휴온스글로벌,2014-12-08,1,36435,-2.502006957452502
미원홀딩스,2010-05-24,1,9876,-11.354456511982766
이연제약,2020-10-05,12,19420,-10.000926869960145
엔피디,2023-12-05,3,2050,-8.68596881959911
에코볼트,2009-03-10,1,1587,1.8613607188703467
현대바이오,2009-03-26,1,4607,-9.578017664376839
현대바이오,2016-05-12,1,6400,5.960264900662252
신테카바이오,2020-08-26,1,13950,-1.4134275618374559
신테카바이오,2023-01-06,11,8450,-8.450704225352112
씨앤씨인터내셔널,2023-08-07,1,56900,-0.5244755244755245
모헨즈,2000-08-04,1,9737,-3.6131459117006535
모헨즈,2005-05-13,62,699,35.728155339805824
CS,2009-03-20,1,1800,0.8403361344537815
CS,2015-12-10,1,2710,-2.867383512544803
드래곤플라이,2010-06-25,1,13997,2.0263867628835923
에스엠벡셀,2000-10-23,41,7158,1.4024649383765404
에스엠벡셀,2004-02-19,1,3015,0.0
피에스케이홀딩스,2002-01-02,78,2144,26.0435038212816
피에스케이홀딩스,2012-02-20,1,5119,-0.833010461061604
대한약품,2011-10-12,1,5880,-0.5076142131979695
대한약품,2011-12-29,1,11750,14.634146341463413
DRB동일,2020-07-13,1,7140,-1.5172413793103448
네이블,2022-01-04,1,8110,-1.338199513381995
호텔신라,2016-04-19,1,71600,-0.4172461752433936
모아텍,2003-08-18,15,8664,-8.200890019071837
한솔인티큐브,2007-03-13,1,2541,-2.15633423180593
한솔인티큐브,2007-08-01,1,3733,6.779176201372998
한솔인티큐브,2011-09-02,1,1623,4.844961240310078
한솔인티큐브,2020-03-30,1,4150,9.210526315789473
다날,2009-09-17,1,7372,-9.178267832943206
다날,2012-08-14,1,3481,-2.547592385218365
다날,2012-11-28,5,5078,-12.266758811333794
다날,2020-10-28,40,4790,-5.522682445759369
유진테크,2023-08-21,1,33200,-2.6392961876832843
삼보판지,2019-06-11,1,12250,-1.6064257028112447
유유제약,2012-12-11,7,3421,-8.724653148345784
유유제약,2015-06-24,37,8305,7.382984225497802
한빛소프트,2003-06-13,6,6025,-7.107616404563675
한빛소프트,2014-11-26,27,6410,3.387096774193549
한빛소프트,2021-05-25,1,6710,1.0542168674698795
피제이메탈,2019-12-13,1,2605,0.9689922480620154
피제이메탈,2023-06-07,1,4805,-1.2332990750256936
현대해상,2018-09-27,50,40200,-1.591187270501836
엠케이전자,2002-01-29,3,2135,-7.455570004334635
참좋은여행,2015-06-24,38,11850,-9.885931558935361
모다이노칩,2016-07-01,25,6250,-5.303030303030303
인바이오젠,2015-01-12,1,26700,-3.6101083032490973
대유에이텍,2001-08-07,1,17792,-2.908594815825375
대유에이텍,2003-01-09,3,11366,-8.714159505260621
대유에이텍,2005-11-29,1,6878,0.0
RF머트리얼즈,2023-01-11,44,13900,4.905660377358491
세방,2000-08-17,1,1704,0.0
세방,2005-01-24,1,4792,-1.4194610162518
농우바이오,2005-04-06,1,3900,0.7751937984496124
농우바이오,2010-03-02,1,10350,3.8114343029087263
신풍제약,2005-05-23,1,1155,-2.941176470588235
나노신소재,2019-03-22,24,17100,-7.567567567567568
한솔아이원스,2017-07-18,1,9448,1.3407701383674782
솔브레인홀딩스,2023-10-20,1,35150,-3.6986301369863015
효성,2013-07-02,1,33910,-1.544625747633703
디티앤씨,2018-05-29,1,13000,-5.109489051094891
대봉엘에스,2012-01-06,1,2785,-4.623287671232877
대봉엘에스,2018-04-02,15,11650,-7.171314741035857
POSCO홀딩스,2023-06-07,1,388000,-0.1287001287001287
한국앤컴퍼니,2021-03-29,1,19000,-0.26246719160104987
SK하이닉스,2000-08-18,1,432833,0.6850621557242816
나라엠앤디,2020-09-17,1,8070,-4.946996466431095
대아티아이,2006-02-21,1,1871,-5.2178318135764945
대아티아이,2019-11-08,1,5900,-3.278688524590164
대아티아이,2021-07-28,1,6810,0.29455081001472755
남선알미늄,2000-08-16,1,166,0.6060606060606061
남선알미늄,2005-09-09,1,209,-1.4150943396226416
남선알미늄,2008-10-01,1,772,14.880952380952381
인성정보,2005-09-12,1,1476,-4.031209362808843
룽투코리아,2012-07-06,6,2865,-11.024844720496894
어보브반도체,2021-06-15,1,15900,1.2738853503184715
화성밸브,2009-07-16,1,2120,-0.7490636704119851
엔터파트너즈,2022-10-05,71,1380,72.28464419475655
디지틀조선,2003-07-18,1,1550,-1.89873417721519
시공테크,2004-01-07,2,1615,-8.498583569405099
시공테크,2012-01-03,80,5830,52.617801047120416
서울식품공업,2008-04-23,1,202,-14.40677966101695
삼일제약,2018-08-24,1,12805,5.660533047281128
삼일제약,2019-11-06,1,10153,-6.328997139957561
삼일제약,2020-07-23,1,9352,-3.766207038485285
에이텍모빌리티,2020-07-01,60,19100,100.0
에이텍모빌리티,2020-10-14,1,22850,-6.73469387755102
엘디티,2009-08-14,1,4550,-6.570841889117044
팜젠사이언스,2000-05-09,1,14529,4.352510234863176
이지홀딩스,2009-03-20,1,1911,-0.20887728459530025
HD현대에너지솔루션,2022-03-02,1,24250,-2.80561122244489
이엠티,2016-08-25,1,6340,-14.899328859060404
이엠티,2018-02-07,1,2600,0.0
이엠티,2019-02-19,1,3200,14.285714285714285
네패스,2009-10-12,76,12936,1.4667817083692838
KR모터스,2014-06-11,23,18850,-8.165253824417812
지엔코,2003-06-17,1,1911,4.141689373297003
지엔코,2011-11-07,1,2060,0.4878048780487805
지엔코,2020-01-10,43,1165,-6.048387096774194
EG,2006-07-06,1,7934,-2.733848228515386
쌍방울,2022-06-13,1,732,-11.487303506650544
한울소재과학,2009-03-26,1,1100,-4.3478260869565215
케이바이오,2020-11-30,1,2477,1.2259910093992643
케이바이오,2021-09-01,1,2707,2.8104823395366503
서원,2009-02-04,12,435,-11.042944785276074
서원,2016-07-01,1,1985,4.199475065616798
팜스코,2000-08-17,1,1200,-3.614457831325301
팜스코,2009-07-06,1,1690,-0.5882352941176471
바이온,2018-01-02,45,4394,12.869252504495249
세아베스틸지주,2002-05-28,1,32125,0.0
삼성SDI,2008-05-16,39,81500,1.875
제이앤티씨,2020-06-26,16,12900,-8.185053380782918
영풍제지,2021-02-01,1,2947,2.718717323109097
영풍제지,2021-04-08,1,3149,-2.1441889372280922
국동,2009-03-16,72,1475,31.22775800711744
국동,2010-06-07,1,991,3.769633507853403
국동,2012-03-20,1,780,-5.454545454545454
휴림로봇,2009-03-20,1,1237,5.097706032285472
일진전기,2012-02-27,7,5691,-11.078125
일진전기,2023-08-25,1,11335,4.258646063281825
일진전기,2023-11-27,1,12942,0.06958942240779402
유한양행,2000-09-29,1,3597,-5.117383276180427
성창기업지주,2001-01-11,1,622,-2.047244094488189
성창기업지주,2001-10-31,72,1838,76.3915547024952
도이치모터스,2007-02-22,1,12274,-1.9021739130434785
도이치모터스,2009-06-03,1,2351,-3.9231712300776462
도이치모터스,2011-01-03,88,6728,47.15660542432196
세우글로벌,2014-03-27,1,2370,0.423728813559322
포스코스틸리온,2023-02-17,22,34000,-4.628330995792426
포스코스틸리온,2023-06-14,1,53200,2.307692307692308
인지컨트롤스,2011-05-31,1,5920,-3.4257748776508974
인지컨트롤스,2022-09-19,1,8800,6.5375302663438255
유수홀딩스,2004-10-28,52,10388,-0.9062291328818086
유수홀딩스,2014-12-02,66,9370,67.20199857244825
스페코,2010-11-24,11,3905,-11.25
신라에스지,2002-01-08,1,3560,-3.523035230352303
에스코넥,2018-06-01,1,2590,1.968503937007874
HL D&I,2019-11-08,1,3230,-0.46224961479198773
SG,2018-07-26,1,4618,5.966039467645709
안랩,2019-11-05,24,61800,-1.4354066985645932
코스맥스,2014-08-22,49,99407,0.4841905224001294
코스맥스,2021-05-27,47,123500,-1.593625498007968
한국카본,2022-02-25,1,11950,4.366812227074235
TJ미디어,2009-11-02,23,3375,-0.7352941176470588
서진오토모티브,2018-01-19,12,4250,-8.896034297963558
삼양패키징,2023-03-08,1,18980,-0.3674540682414698
한일화학,2015-05-26,1,15000,-0.6622516556291391
제룡산업,2012-11-23,3,1793,-7.577319587628866
에스제이엠홀딩스,2000-08-17,1,2521,-3.112990007686395
에스제이엠홀딩스,2005-08-26,42,3611,7.887660591574544
에스제이엠홀딩스,2010-12-09,1,4470,0.33670033670033667
뉴보텍,2005-12-01,1,6596,6.765943671090968
판도라티비,2016-07-15,1,2350,-2.083333333333333
판도라티비,2024-03-25,1,1148,14.914914914914915
오리온홀딩스,2011-09-09,92,31488,18.487300094073376
오리온홀딩스,2015-03-19,1,52660,-0.37081882851521114
오리온홀딩스,2021-01-28,1,13400,-3.597122302158273
조광페인트,2012-06-12,1,9750,-1.1156186612576064
HDC현대EP,2011-06-21,1,7300,-1.3513513513513513
HDC현대EP,2021-11-17,1,6310,-2.018633540372671
유엑스엔,2020-06-09,1,9500,1.0638297872340425
서전기전,2018-10-12,1,4800,0.8403361344537815
아난티,2001-11-27,1,477,0.0
아난티,2011-09-06,1,496,3.3333333333333335
HLB,2017-03-03,1,6069,-1.2849707221860767
압타바이오,2023-05-31,1,11530,4.249547920433996
에넥스,2012-06-12,1,747,-1.710526315789474
큐엠씨,2017-02-28,1,15350,0.0
큐엠씨,2018-06-14,1,9950,0.0
베셀,2017-06-07,79,2175,9.186746987951807
에이디테크놀로지,2023-09-05,1,24000,-3.225806451612903
에이디테크놀로지,2024-02-15,1,29550,-2.7960526315789473
휠라홀딩스,2022-10-19,1,32850,0.7668711656441718
하나투어,2017-01-19,1,68672,1.8842170855464229
유니테크노,2017-04-04,14,4247,-8.705932932072228
한솔로지스틱스,2004-08-16,29,942,-3.877551020408163
우리기술투자,2009-03-12,1,255,-13.559322033898304
우리기술투자,2024-02-14,39,8490,25.591715976331358
관악산업,2016-09-08,1,3430,-4.722222222222222
관악산업,2016-10-04,1,3280,-8.88888888888889
관악산업,2017-09-20,1,5450,-2.3297491039426523
옵티시스,2021-09-01,3,26200,-7.583774250440917
삼양홀딩스,2006-01-06,1,49717,-1.7159236927943067
굿센,2017-04-21,1,24750,-0.6024096385542169
크리스탈신소재,2020-06-30,1,1730,-0.2881844380403458
이수페타시스,2004-10-11,1,1735,-3.9313399778516054
이화공영,2005-09-12,17,569,-7.32899022801303
이화공영,2008-09-09,1,5836,4.065620542082739
유아이디,2019-07-08,1,3720,3.0470914127423825
CG인바이츠,2020-07-29,1,9437,-3.081031118414296
핑거스토리,2024-02-16,46,3525,-5.241935483870968
한창,2019-11-08,1,10888,-3.6118980169971673
대주산업,2007-01-04,33,480,-1.0309278350515463
SK텔레콤,2002-01-03,1,48483,1.4437260686711444
삼륭물산,2000-06-02,1,2662,-2.4193548387096775
삼륭물산,2004-11-03,1,626,-10.826210826210826
이렘,2007-01-04,1,46371,-9.653976542103418
이렘,2009-03-25,1,20838,1.8773833968905838
이렘,2015-05-29,1,33781,-0.8337002788786143
LB세미콘,2024-01-25,2,8330,-9.16030534351145
모바일어플라이언스,2019-03-29,1,3223,0.9395552771688067
황금에스티,2020-07-13,1,4970,-1.3105639396346307
브리지텍,2024-02-16,19,8070,-2.7710843373493974
KH 필룩스,2009-03-09,70,19020,23.586744639376217
동국S&C,2013-11-07,10,4145,-8.194905869324474
동국S&C,2022-03-02,1,6230,1.3008130081300813
YTN,2009-06-24,1,4690,-1.882845188284519
코렌텍,2014-04-03,18,22790,-5.195723615791007
이비테크,2018-04-13,1,4750,8.695652173913043
원익홀딩스,2009-05-18,5,1360,-10.467412771560237
동원수산,2019-11-06,1,9580,0.8421052631578947
에코프로,2014-05-29,1,1071,4.182879377431906
옵티팜,2022-02-28,6,9730,-10.733944954128441
DB손해보험,2018-09-27,46,68100,-4.755244755244755
제이에스티나,2014-12-03,10,17000,-12.82051282051282
엔피,2023-01-17,1,6150,-3.149606299212598
유진로봇,2002-02-26,1,8526,-4.352703612295266
대현,2001-04-17,1,415,2.4691358024691357
대현,2016-04-19,28,3435,-7.036535859269283
HLB테라퓨틱스,2017-12-28,1,18054,9.09420508792072
HLB테라퓨틱스,2021-12-08,11,6887,-8.441903749002924
대림비앤코,2002-10-15,1,1994,-2.9683698296836982
SBS,2011-09-05,1,33500,1.5151515151515151
국영지앤엠,2011-12-23,1,1490,1.3605442176870748
국영지앤엠,2018-06-26,1,1840,-2.9023746701846966
LX인터내셔널,2002-01-28,1,5274,0.24710131153773046
웰크론한텍,2011-08-17,2,2255,-9.437751004016064
DSR,2020-07-13,1,3985,0.25157232704402516
롯데이노베이트,2023-04-18,1,31500,1.9417475728155338
재영솔루텍,2015-02-27,38,1638,8.548707753479125
JW중외제약,2020-07-24,1,34032,-4.302345199932512
남성,2000-08-14,1,701,14.918032786885247
태양,2004-05-24,1,3090,3.0
샘표,2018-07-09,3,43200,-10.651499482936918
샘표,2019-04-04,1,36950,-0.13513513513513514
SK케미칼,2021-10-08,13,186000,-7.229144014284716
피에스텍,2020-12-21,12,4400,-7.853403141361256
MIT,2013-04-15,1,47844,-4.852438151300612
코오롱인더,2010-10-25,1,70700,3.9889392245690414
조광ILI,2018-06-07,1,1097,-6.239316239316239
대원미디어,2010-10-21,1,9750,-3.4653465346534658
대원미디어,2012-11-23,1,11250,3.686635944700461
대원미디어,2015-05-19,1,8380,0.11947431302270012
대원미디어,2018-11-12,1,9370,-2.089864158829676
아이크래프트,2006-11-02,1,1493,1.495581237253569
아이크래프트,2015-08-05,1,9018,-0.9119876936600374
아이크래프트,2024-01-05,1,4000,2.3017902813299234
휴온스,2022-02-08,1,48700,3.6170212765957444
DH오토웨어,2005-11-03,1,16900,7.301587301587302
DH오토웨어,2012-04-30,1,4970,14.913294797687863
삼성출판사,2011-10-13,1,6360,0.9523809523809524
삼성출판사,2016-10-10,3,12450,-7.777777777777778
SPC삼립,2001-10-10,6,32457,-12.883484982687818
보성파워텍,2009-02-16,1,951,-9.082217973231357
보성파워텍,2009-03-16,1,1102,1.566820276497696
보성파워텍,2011-12-22,58,2496,15.341959334565619
보성파워텍,2019-11-05,12,2035,-7.918552036199094
동원산업,2005-02-07,34,2780,1.4598540145985401
동원산업,2007-03-27,1,8190,-0.7272727272727273
푸드웰,2005-09-02,51,804,8.795669824086604
LIG넥스원,2016-07-22,1,101500,2.2155085599194364
삼진제약,2000-05-09,1,26052,1.0198146496568303
엠투엔,2000-12-08,1,3591,-7.305110996386165
티에이치엔,2009-09-08,1,1295,14.601769911504425
티에이치엔,2015-12-29,1,1835,-0.8108108108108109
대명소노시즌,2006-02-07,1,5140,0.0
대명소노시즌,2009-07-27,1,1140,-1.2987012987012987
KG케미칼,2008-04-15,1,2280,2.242152466367713
성호전자,2009-06-25,12,1740,-10.077519379844961
성호전자,2010-12-10,1,2075,5.86734693877551
제이엠티,2011-05-30,1,1945,-3.7128712871287126
위메이드플레이,2014-09-12,1,63549,5.601714912426468
브이원텍,2021-03-09,1,10800,-10.37344398340249
LG화학,2002-08-26,1,62436,0.22956030372594033
LG화학,2022-07-22,1,556000,-0.8912655971479502
쇼박스,2020-09-15,1,2815,-0.1773049645390071
링크제니시스,2020-12-21,47,7540,2.8649386084583903
한국금융지주,2004-02-13,1,6910,0.14492753623188406
한국금융지주,2018-03-12,16,78500,-8.932714617169374
아이윈플러스,2020-07-20,9,5925,-7.204385277995301
앤씨앤,2017-02-20,1,6074,-1.2999675008124796
디오,2012-01-06,1,8640,1.4084507042253522
삼영전자공업,2000-05-09,1,11550,-2.11864406779661
휴스틸,2005-04-21,22,2549,-5.382331106161841
에스바이오메딕스,2024-02-14,1,10050,0.7014028056112225
가온전선,2002-01-28,2,5590,-9.07612231620039
HDC,2003-06-26,1,6052,-1.9283746556473829
시알홀딩스,2023-06-16,37,10570,-4.170444242973708
THE MIDONG,2015-04-13,1,5570,-1.763668430335097
THE MIDONG,2019-04-05,1,4075,-4.004711425206125
THE MIDONG,2023-04-04,1,1370,10.483870967741936
대한뉴팜,2017-10-16,1,12200,0.411522633744856
흥구석유,2011-12-23,4,1500,-7.4074074074074066
우진,2022-05-04,1,13150,13.852813852813853
KBI메탈,2004-05-11,4,27306,-14.618054469841468
코이즈,2020-12-21,1,1110,-3.225806451612903
인터플렉스,2003-08-11,32,17627,19.691722686222583
인터플렉스,2009-10-28,1,6676,0.3909774436090226
부산주공,2006-01-24,8,1554,-9.069631363370393
테크엘,2005-08-23,1,20419,-3.5520287185300647
썬테크,2017-09-29,1,22250,5.450236966824645
썬테크,2019-03-13,1,10000,0.0
GS건설,2021-06-02,7,43100,-5.066079295154185
데이터스트림즈,2019-07-16,1,3800,-13.538111490329921
삼부토건,2004-09-17,133,74965,49.454733946051554
삼부토건,2018-04-20,1,2150,29.518072289156628
한독,2003-06-10,38,5441,5.979742890533697
아진산업,2020-09-15,1,2750,3.3834586466165413
바이오솔루션,2022-09-16,1,13700,-6.164383561643835
HJ중공업,2014-04-01,12,129523,-7.9425436040313295
인선이엔티,2011-08-19,1,3365,-6.136680613668061
금호타이어,2007-08-30,1,47476,0.0
세화피앤씨,2018-11-08,1,2498,-3.4775888717156103
세화피앤씨,2019-04-08,1,1672,2.7658266748617084
퍼스텍,2019-11-05,14,2090,-7.929515418502203
로보로보,2017-12-27,73,3620,34.173461823573014
현대에이치티,2001-07-09,1,1830,-4.18848167539267
현대에이치티,2011-08-18,1,3200,3.059581320450886
현대에이치티,2011-10-18,1,4215,10.775295663600525
엄지하우스,2022-11-22,1,4715,-0.7368421052631579
CBI,2000-04-25,1,620,-10.144927536231885
CBI,2001-04-26,1,790,-12.222222222222221
화승인더스트리,2002-05-09,1,1028,-2.927289896128423
화승인더스트리,2016-02-29,1,7820,-0.6353240152477764
대원제약,2000-11-16,1,1101,3.9660056657223794
HD현대일렉트릭,2020-07-13,1,8000,-3.0303030303030303
코미코,2019-04-04,51,27000,-4.25531914893617
드림씨아이에스,2023-08-03,1,3467,3.153823266884856
디젠스,2015-12-18,3,1361,-7.035519125683059
현우산업,2009-06-26,48,5399,20.271775451102695
영보화학,2002-01-04,1,1804,-1.366867140513942
데브시스터즈,2021-05-31,1,112600,-1.6593886462882095
데브시스터즈,2021-11-12,1,148700,-2.1710526315789473
디앤씨미디어,2018-01-08,1,9090,-4.315789473684211
이니텍,2005-05-23,1,2335,0.646551724137931
이니텍,2011-08-18,6,2615,-11.35593220338983
아이쓰리시스템,2022-02-10,1,18650,-3.116883116883117
질경이,2018-08-27,1,11400,-8.799999999999999
메디콕스,2003-01-14,1,1178971,0.8978330822949472
메디콕스,2007-03-09,1,428111,-14.961673152137426
메디콕스,2016-01-21,6,13090,-8.30764920145699
까뮤이앤씨,2009-06-30,5,786,-8.498253783469151
까뮤이앤씨,2013-03-12,1,242,-2.0242914979757085
광림,2021-01-15,1,1765,-4.076086956521739
삼표시멘트,2003-05-28,1,51294,11.361021254423482
삼표시멘트,2006-01-20,1,27415,-11.427371413802016
탑코미디어,2016-09-23,1,4215,1.9347037484885126
위메이드,2021-08-17,8,32027,-16.027792343995806
대창스틸,2021-02-17,1,2615,-0.5703422053231939
제이엠아이,2021-05-13,1,1360,-1.4492753623188406
이랜시스,2022-03-21,1,3850,4.054054054054054
컴투스,2014-02-11,1,22369,1.208035471902995
웨이버스,2023-08-25,1,1901,1.984978540772532
디이엔티,2022-06-02,1,7496,-1.0690246799524878
코닉오토메이션,2022-11-01,1,4810,-4.940711462450593
서부T&D,2001-01-09,1,475,-6.31163708086785
서부T&D,2001-12-17,1,434,-3.125
서부T&D,2006-01-06,3,3296,-9.698630136986301
서부T&D,2006-02-20,1,3503,4.911650194669063
한스바이오메드,2015-03-16,1,19250,-0.516795865633075
한진중공업홀딩스,2020-11-12,1,4220,-0.7058823529411765
삼영엠텍,2015-03-19,49,3560,2.8901734104046244
삼영엠텍,2022-07-08,1,5260,-3.486238532110092
삼현철강,2005-01-20,1,1145,-3.7815126050420167
삼현철강,2009-03-24,1,3720,0.0
한국테크놀로지,2018-01-10,10,2303,-8.86426592797784
현대코퍼레이션,2003-06-19,1,25800,-4.617545935154719
티엘아이,2011-12-08,7,6200,-10.533910533910534
테크트랜스,2018-12-04,1,5000,-1.9607843137254901
케이씨티시,2001-10-15,1,427,-2.9545454545454546
케이씨티시,2005-11-16,1,1474,-7.120352867044738
깨끗한나라,2005-09-08,64,6142,25.01526562181966
동양철관,2008-02-13,2,1708,-7.825148407987048
동양철관,2010-04-29,1,1244,-1.1128775834658187
엑사이엔씨,2009-10-14,1,8965,-2.850021673168617
엑사이엔씨,2023-01-11,1,1480,1.718213058419244
조아제약,2004-10-21,2,925,-8.506429277942631
조아제약,2010-10-04,1,3430,-0.8670520231213872
한진,2014-08-18,1,34139,-0.6923233557320301
국일신동,2018-11-07,12,3990,-10.738255033557047
카스,2001-08-02,1,2609,-11.798512508451656
카스,2005-09-02,70,1925,45.5026455026455
카스,2019-03-27,3,1885,-8.495145631067961
상상인,2010-04-26,3,1463,-7.1700507614213205
싸이토젠,2024-01-31,1,14070,-0.9852216748768473
진양산업,2021-07-28,13,5650,-11.856474258970358
지니뮤직,2004-03-29,63,6780,60.09445100354191
지니뮤직,2004-04-28,43,6780,28.89733840304182
동아쏘시오홀딩스,2000-08-18,1,12181,-2.1920668058455117
동아쏘시오홀딩스,2005-08-18,1,30485,0.3291097581043278
한화투자증권,2018-03-16,1,3130,-2.7950310559006213
부방,2009-03-23,1,411,-6.802721088435375
부방,2009-08-04,4,491,-3.9138943248532287
부방,2015-06-24,51,6240,-13.800248653128886
YG PLUS,2007-08-24,26,2840,-8.239095315024231
신도기연,2023-01-16,1,6060,-3.349282296650718
새로닉스,2005-03-10,3,1480,-5.7324840764331215
새로닉스,2017-11-06,1,7100,5.185185185185185
더라미,2001-03-30,1,49469092,-1.9435163672694413
남해화학,2010-09-30,1,17900,0.0
남해화학,2013-07-04,20,7570,-6.888068880688807
알에프텍,2004-11-16,1,3146,0.0
알에프텍,2007-05-29,28,2419,-0.6978653530377669
알에프텍,2010-03-09,24,4087,-10.156078258958011
알에프텍,2014-12-30,68,5729,22.99270072992701
프레스티지바이오파마,2023-01-18,1,8250,-0.9603841536614646
스카이문스테크놀로지,2007-02-21,1,6690,-0.8888888888888888
스카이문스테크놀로지,2011-09-05,1,2300,-8.73015873015873
에이펙스인텍,2019-07-26,2,11250,-16.666666666666664
에이펙스인텍,2021-02-05,19,8860,-19.454545454545453
에이펙스인텍,2022-12-02,1,7650,-14.905450500556173
신성델타테크,2021-09-03,19,15250,-15.745856353591158
큐러블,2014-07-14,1,3600,-5.263157894736842
큐러블,2020-04-08,1,3075,14.100185528756956
큐러블,2022-09-21,3,8850,-7.03781512605042
큐러블,2023-04-21,3,7100,-15.676959619952493
서호전기,2019-06-11,1,22200,-2.631578947368421
EMB,2021-04-26,2,5800,-8.227848101265822
넥슨게임즈,2020-06-24,1,7880,-1.6229712858926344
코스모신소재,2013-04-25,1,3993,-0.37425149700598803
코스모신소재,2022-10-20,1,60949,-2.8345050775583083
HB테크놀러지,2006-11-28,9,3850,-8.1145584725537
HB테크놀러지,2009-03-24,1,550,0.0
HB테크놀러지,2013-10-04,1,1845,2.5
블루탑,2019-11-06,1,38400,-2.9077117572692797
SHD,2000-08-09,1,5197,-3.7948907811921515
아우딘퓨쳐스,2022-12-13,24,2750,-11.43317230273752
대호특수강,2010-03-11,17,10950,-7.281964436917867
메타랩스,2010-12-27,1,89855,-3.2516823687752354
아미노로직스,2007-06-15,2,4745,-14.673619852544507
광무,2019-06-21,7,6025,-10.141685309470544
웅진씽크빅,2020-01-02,1,2699,-3.881766381766382
영풍,2003-06-23,1,46600,-0.4273504273504274
영풍,2008-04-18,36,440000,-3.7199124726477026
와이엔텍,2007-11-28,1,5615,-12.11457192048834
와이엔텍,2019-05-23,1,8090,-3.1137724550898205
녹십자,2000-05-08,1,25447,-1.4293461419274869
녹십자,2001-08-01,29,27431,-9.843554854400843
진매트릭스,2012-02-16,12,1713,-8.493589743589745
동화약품,2000-03-28,4,2798,-12.343358395989974
삼화콘덴서공업,2006-02-14,1,2050,-5.963302752293578
삼화콘덴서공업,2007-05-28,7,3780,-5.025125628140704
종근당홀딩스,2003-11-18,1,2128,-2.8753993610223643
종근당홀딩스,2008-04-22,1,15072,1.4198236996164457
보해양조,2004-03-22,1,471,0.8565310492505354
보해양조,2004-10-08,1,525,-3.4926470588235294
유니슨,2004-07-07,1,2669,-8.938928693278744
유니슨,2005-08-01,12,6931,-8.802631578947368
SCI평가정보,2003-01-28,1,1754,-10.601427115188583
SCI평가정보,2006-01-16,1,795,3.9215686274509802
비트컴퓨터,2009-09-18,7,3380,-11.448781765784648
비트컴퓨터,2011-12-12,3,3239,-8.399321266968327
비트컴퓨터,2021-06-01,1,10000,-0.4975124378109453
심텍홀딩스,2008-12-11,1,1058,-6.948109058927001
심텍홀딩스,2010-06-22,1,5470,1.3150583441378034
이건산업,2015-05-21,1,25650,0.7858546168958742
유화증권,2002-10-21,1,1360,-0.7299270072992701
대창솔루션,2013-09-23,1,499,0.6048387096774194
대창솔루션,2019-11-04,1,468,-0.847457627118644
에스폴리텍,2020-08-31,18,6890,-9.461235216819974
알로이스,2020-06-24,3,1022,-7.678410117434507
진양제약,2015-06-25,2,7150,-7.979407979407979
진양제약,2021-08-24,2,7620,-8.960573476702509
안트로젠,2018-05-30,1,144600,6.952662721893491
PN풍년,2005-04-14,13,360,-10.0
PN풍년,2009-07-14,1,890,1.8306636155606408
코맥스,2003-06-17,1,1622,-1.4580801944106925
코맥스,2009-06-29,57,1163,11.398467432950191
제닉,2018-01-19,83,16250,25.968992248062015
한솔테크닉스,2019-07-25,1,7090,1.5759312320916905
셀루메드,2018-01-02,1,12866,0.0
DGP,2005-12-28,1,8563030,-7.216359682436832
DGP,2013-10-31,1,43590,3.3918406072106264
이브이파킹서비스,2023-10-13,1,2220,14.788004136504654
선도전기,2007-08-09,39,3374,8.314606741573034
선도전기,2009-12-04,11,2855,-8.051529790660226
선도전기,2011-09-05,1,2065,-7.399103139013453
SG세계물산,2001-08-07,1,260,-0.38314176245210724
SG세계물산,2015-11-24,1,1400,1.083032490974729
진도,2007-06-15,2,5370,-7.141621995504063
진도,2009-01-23,1,1652,-5.868945868945869
진도,2020-08-07,1,2630,-0.18975332068311196
하이트론씨스템즈,2011-07-07,1,5072,11.644287915474356
하이트론씨스템즈,2015-11-26,1,4790,-1.2981660828353596
금호석유화학,2007-08-30,1,73800,0.40816326530612246
서플러스글로벌,2022-02-08,1,4650,9.799291617473434
이랜텍,2010-05-17,1,5132,-7.280939476061428
이랜텍,2021-12-28,1,12600,4.564315352697095
중앙백신,2016-11-10,1,23406,8.446462493629245
중앙백신,2019-04-08,28,19300,-9.389671361502346
기업은행,2011-05-25,26,18650,-0.5333333333333333
파마리서치바이오,2017-02-14,1,21850,-7.6109936575052854
네오리진,2015-06-12,1,1780,2.5936599423631126
프리엠스,2003-09-09,6,1670,-7.222222222222221
프리엠스,2017-10-30,1,7020,0.14265335235378032
세운메디칼,2011-12-13,1,4720,-0.21141649048625794
삼익THK,2009-09-23,1,2230,-2.832244008714597
삼익THK,2011-07-06,1,10150,0.49504950495049505
삼익THK,2014-11-10,6,9070,-3.715498938428875
한세실업,2012-02-06,1,7710,1.0484927916120577
한세실업,2015-10-06,4,55200,-9.508196721311474
SNT모티브,2020-07-13,56,54200,29.355608591885442
노드메이슨,2022-09-21,1,8290,1.221001221001221
강스템바이오텍,2018-11-08,1,14878,-3.907511464186527
한화오션,2005-05-26,1,8884,3.098526169200418
초록뱀미디어,2009-06-25,18,39220,-5.653115227327399
초록뱀미디어,2012-01-10,1,22470,0.44702726866338843
초록뱀미디어,2014-07-21,1,15360,-2.1032504780114722
와이오엠,2007-01-09,4,1590927,-7.940456557590488
KISCO홀딩스,2000-08-16,6,952,-6.391347099311701
예스코홀딩스,2000-08-14,1,12950,4.016064257028113
하나머티리얼즈,2020-09-11,1,25200,0.0
하나머티리얼즈,2023-01-06,1,37300,0.6747638326585695
하나머티리얼즈,2023-03-20,1,38800,-1.2722646310432568
진성티이씨,2001-03-30,1,1093,-0.2737226277372263
진성티이씨,2008-07-24,1,14465,0.0
휴맥스홀딩스,2020-12-21,3,4495,-10.813492063492063
이수스페셜티케미컬,2024-01-26,55,317000,79.50169875424689
우진비앤지,2022-05-17,18,2055,-9.670329670329672
케이피티유,2003-06-02,1,950,-4.040404040404041
케이피티유,2009-06-12,4,2135,-7.575757575757576
TPC,2007-01-10,1,897,5.1582649472450175
TPC,2007-05-17,1,1139,-2.9812606473594547
TPC,2022-02-25,6,4220,-7.15071507150715
TPC,2024-03-19,1,3860,-1.7811704834605597
알루코,2015-11-13,1,7210,-2.1709633649932156
대한광통신,2011-12-08,1,1832,4.387464387464387
엠씨넥스,2023-03-08,1,32100,-1.3824884792626728
대동고려삼,2016-02-18,1,11000,0.0
대동고려삼,2020-10-07,1,5300,-1.1194029850746268
에스제이지세종,2011-06-15,36,17450,-8.638743455497382
스맥,2020-07-13,1,2030,-0.975609756097561
에이루트,2012-09-03,10,1589,-7.454863133372161
대동금속,2010-10-08,1,6573,11.976149914821125
신라교역,2000-08-17,1,2783,-7.233333333333333
아이디스홀딩스,2016-06-01,1,16550,-0.6006006006006006
한샘,2021-02-09,1,108500,1.4018691588785046
한샘,2023-01-10,1,48500,0.726895119418484
바이오니아,2007-07-25,6,4274,-8.753202391118702
바이오니아,2020-03-02,1,7050,-0.9831460674157303
바이오니아,2023-04-06,12,46950,-7.213438735177865
강원랜드,2015-07-09,1,38650,-0.3865979381443299
조광피혁,2000-08-17,1,3865,-5.269607843137255
조광피혁,2002-05-24,1,7860,-1.8726591760299627
APS,2011-08-18,1,10543,-11.559432933478735
파나케이아,2009-09-08,6,18234,-7.722672064777328
웨이브일렉트로,2015-11-30,4,21913,-7.5400843881856545
제일파마홀딩스,2010-12-03,20,10040,-11.852502194907814
청호ICT,2000-08-17,1,15168,0.0
청호ICT,2009-03-17,1,12479,0.8241092348711319
타스컴,2022-08-16,3,18500,-1.5957446808510638
파세코,2012-12-14,1,1620,-2.4096385542168677
파세코,2020-04-06,1,6622,-1.4583333333333333
하이소닉,2013-02-13,1,37039,4.223647926163544
제이엠멀티,2023-05-08,1,3185,-14.953271028037381
미래엔에듀파트너,2015-08-27,1,3710,-5.597964376590331
미래엔에듀파트너,2016-08-03,1,2970,-14.899713467048711
현대바이오랜드,2009-10-14,1,6575,-0.3787878787878788
STX엔진,2017-07-21,1,17850,0.847457627118644
에이티넘인베스트,2008-07-28,4,964,-4.270109235352533
에이티넘인베스트,2016-07-14,1,2035,0.0
정원엔시스,2012-07-03,1,680,-9.694555112881806
옴니시스템,2013-07-16,1,1583,-3.9441747572815538
옴니시스템,2019-11-04,1,1709,2.2129186602870816
HLB제약,2019-04-05,1,6650,3.421461897356143
풍국주정,2000-08-28,3,2692,-7.65008576329331
원일특강,2000-05-12,1,4501,-7.424928013163306
케이엘넷,2017-02-22,5,2700,-7.534246575342466
화신,2024-02-05,1,12460,-4.153846153846154
HLB글로벌,2021-06-04,1,12700,-9.285714285714286
한성크린텍,2003-07-31,1,267928,4.074767516839006
한성크린텍,2023-07-31,1,3625,-1.226158038147139
디아이동일,2000-08-17,1,1168,-1.100762066045724
예림당,2003-07-03,11,2000,-8.67579908675799
예림당,2017-05-08,62,10450,68.27697262479872
광동헬스바이오,2021-08-17,51,2700,12.97071129707113
삼성제약,2003-02-27,1,4705,-6.960648605892822
뉴인텍,2015-12-07,22,3887,-7.562425683709869
차바이오텍,2008-09-19,1,3135,3.2948929159802307
일진홀딩스,2002-07-10,1,1375,-9.776902887139109
일진홀딩스,2009-02-16,73,3570,34.21052631578947
라온시큐어,2010-09-07,1,3678,-6.956741715153049
캠시스,2011-09-07,1,1310,-0.7575757575757576
한올바이오파마,2001-10-16,1,986,0.509683995922528
이엔에프테크놀로지,2010-09-02,55,10500,10.526315789473683
에스티큐브,2009-03-20,1,6981,7.764742204384069
에스티큐브,2016-06-14,1,7527,-6.844059405940595
에스티큐브,2023-04-03,1,18360,6.127167630057803
수성웹툰,2020-10-21,1,695,-3.4722222222222223
세아제강지주,2000-09-21,15,4977,-9.902244750181028
에스알바이오텍,2023-01-25,4,5390,-10.01669449081803
에스알바이오텍,2023-06-19,1,5460,-2.3255813953488373
에스알바이오텍,2023-09-01,1,4995,0.0
프로이천,2023-05-19,1,3080,-2.5316455696202533
넥스턴바이오,2021-09-08,1,37865,-8.794199826572887
액토즈소프트,2023-01-05,1,8120,-0.49019607843137253
텔레칩스,2024-02-16,1,30550,-3.322784810126582
케스피온,2016-07-14,1,3719,1.059782608695652
제이씨현시스템,2016-01-06,1,4920,0.40816326530612246
아센디오,2006-04-07,1,22096696,-3.7800918327738824
아센디오,2008-01-16,1,2200475,-5.178546881887884
아센디오,2014-11-18,1,28681,-4.48581324097509
포메탈,2020-07-07,35,3190,5.2805280528052805
포메탈,2021-06-03,40,5100,0.0
인스코비,2006-01-27,4,8964,-7.739810621655002
인스코비,2013-07-05,1,2190,0.0
제넨바이오,2012-07-17,87,35780,15.531159186309331
파라다이스,2017-04-03,1,14600,0.3436426116838488
우리엔터프라이즈,2000-05-08,1,2242,12.043978010994502
랩지노믹스,2021-08-25,21,4897,-7.13066565522473
SNT에너지,2018-06-26,23,5299,-4.453660295708619
EDGC,2022-03-25,1,3826,-0.9578048149106911
큐리언트,2018-01-02,1,13922,4.339353968372929
큐리언트,2024-03-04,1,4255,-0.351288056206089
엔에스컴퍼니,2021-09-09,1,7690,-14.933628318584072
한국주강,2001-08-09,1,704,-4.864864864864865
알톤,2014-07-04,1,9150,3.729735857612516
오리엔탈정공,2003-07-02,42,24140,18.0440097799511
오리엔탈정공,2009-03-20,1,116377,0.363068750215599
한국팩키지,2000-04-20,1,1235,-11.785714285714285
HD현대인프라코어,2001-08-06,1,1934,0.676730869338886
풍강,2019-11-05,1,3470,0.0
풍강,2020-07-13,1,3140,9.98248686514886
코스맥스비티아이,2011-09-22,2,13603,-13.400814871403108
혜인,2013-08-05,3,3980,-7.441860465116279
TS인베스트먼트,2024-02-16,1,1397,0.14336917562724014
에이직랜드,2024-02-16,1,51500,-3.377110694183865
네오팜,2012-11-05,1,7300,-7.242693773824651
바이오스마트,2010-11-15,1,1900,-5.0
플루토스,2004-08-13,1,2956,-6.485289465359063
플루토스,2007-07-25,1,11292,4.352647629609093
플루토스,2008-01-23,1,4352,0.5545286506469501
플루토스,2008-03-05,1,4211,0.5732027704800574
플루토스,2010-10-12,1,660,-1.4925373134328357
플루토스,2016-09-08,13,3955,-9.620658135283364
플루토스,2019-04-04,1,915,1.2168141592920354
나이벡,2020-03-06,1,10400,-7.964601769911504
일동홀딩스,2001-10-15,1,1448,-2.2282241728561782
일동홀딩스,2015-04-03,1,19761,-1.3577596965007737
바이오로그디바이스,2016-03-11,1,2970,1.3651877133105803
바이오로그디바이스,2023-08-22,16,1035,-8.4070796460177
대동스틸,2008-07-22,1,6140,14.981273408239701
대동스틸,2012-04-27,1,4265,3.8976857490864796
대동스틸,2013-08-09,59,4580,17.135549872122763
웰바이오텍,2007-05-18,1,11847,-1.4146625613713906
웰바이오텍,2016-04-22,21,2235,-5.69620253164557
케이씨피드,2016-06-15,1,2860,-0.7977800901838363
케이씨피드,2019-06-07,1,2585,0.0
신세계건설,2014-11-12,1,25000,0.0
솔본,2005-11-24,40,4500,-12.280701754385964
솔본,2010-04-26,1,4000,5.540897097625329
솔본,2015-02-27,1,4725,-1.8691588785046727
솔본,2023-01-06,46,4545,17.441860465116278
대신정보통신,2012-05-08,3,618,-17.04697986577181
대신정보통신,2017-02-03,1,2710,-6.872852233676976
대신정보통신,2022-10-11,1,1340,2.2900763358778624
티웨이홀딩스,2011-06-02,1,1395,13.322502030869213
원익QnC,2013-10-08,27,4345,-4.631255487269534
원익QnC,2021-02-17,8,20000,-3.8461538461538463
에스에프에이,2005-06-24,14,6325,-7.434509000439046
에스에프에이,2009-02-05,1,8967,5.382536138206604
로지시스,2018-09-04,1,4035,0.12406947890818859
케어랩스,2020-06-19,21,9590,-7.1456235476374905
클래시스,2023-08-07,1,32450,-0.9160305343511451
일양약품,2009-05-19,1,28475,-2.5962919887801874
한화솔루션,2003-01-13,12,4356,-8.410428931875526
화승코퍼레이션,2000-08-14,1,416,0.0
대원전선,2000-08-22,1,533,0.5660377358490566
에스에이티이엔지,2023-05-16,1,4445,0.7936507936507936
상지건설,2007-07-31,1,29923,-5.471489496130153
상지건설,2008-03-24,28,26758,-3.4460361563165303
상지건설,2008-06-12,1,28549,-1.8496235431636125
서산,2005-11-25,3,627,-5.0
서산,2013-04-24,1,1618,2.275600505689001
에스앤에스텍,2012-10-24,1,3450,-3.089887640449438
에스앤에스텍,2023-07-17,7,51700,-11.774744027303754
켐트로닉스,2022-02-08,1,28450,-0.8710801393728222
제룡전기,2000-05-04,2,3165,-15.010741138560688
제룡전기,2001-04-06,1,1421,-11.90328580285183
오르비텍,2011-12-09,1,3313,-0.12059089538739826
서연,2005-04-08,6,764,-14.92204899777283
자이글,2023-05-22,1,23250,2.4229074889867843
드림시큐리티,2019-10-25,1,3725,-5.69620253164557
드림시큐리티,2020-11-23,1,4305,1.8934911242603552
에스메디,2018-02-22,1,3394,-4.876681614349776
한화엔진,2022-02-24,1,7452,3.817219281136807
메가엠디,2020-03-31,1,3895,-15.32608695652174
GS글로벌,2020-07-17,1,1750,-1.4084507042253522
SGA솔루션즈,2023-04-04,1,1017,0.3948667324777887
코오롱,2012-08-10,1,24250,-0.41067761806981523
한국선재,2008-04-16,52,5296,93.85065885797951
한국선재,2016-02-19,1,4030,2.806122448979592
한국선재,2016-09-22,1,3855,-0.7722007722007722
동양이엔피,2015-11-18,40,13100,-1.1320754716981132
성문전자,2001-05-28,1,917,-4.578563995837669
성문전자,2002-11-15,25,765,-8.820023837902264
성문전자,2009-03-19,1,1190,-0.41841004184100417
성문전자,2013-07-12,1,1980,6.738544474393531
성문전자,2015-11-16,44,2345,13.285024154589372
성문전자,2021-11-22,4,2425,-11.496350364963504
KEC,2020-06-22,34,752,-2.5906735751295336
티씨케이,2008-02-18,1,16650,14.827586206896552
코리안리,2001-05-04,1,635,3.758169934640523
프럼파스트,2005-07-11,1,926,-0.43010752688172044
우리산업홀딩스,2004-10-21,1,1113,-2.024647887323944
우리산업홀딩스,2009-10-23,1,1449,0.2074688796680498
예스티,2024-01-24,1,16900,-4.681331077270164
아톤,2024-01-24,5,4250,-7.90899241603467
크라운해태홀딩스,2002-07-19,1,1978,-2.272727272727273
한국캐피탈,2007-09-05,1,1886,4.141358365543899
한국캐피탈,2011-04-11,1,455,-2.9850746268656714
상상인증권,2012-09-18,1,1156,-0.7725321888412017
상상인증권,2015-01-30,74,1813,40.542635658914726
BF랩스,2020-10-29,38,1045,1.951219512195122
아즈텍WB,2014-10-21,12,2090,-9.130434782608695
아즈텍WB,2016-07-21,1,3300,-2.511078286558346
갤럭시아에스엠,2005-12-12,1,2100,4.477611940298507
갤럭시아에스엠,2012-06-26,1,2920,6.181818181818182
진흥기업,2003-02-25,1,2545,-2.153018069973087
케이씨티,2014-01-23,1,2675,-0.9259259259259258
서울리거,2023-07-21,22,856,-7.258938244853738
케이엠더블유,2014-04-07,1,8843,2.5275362318840577
금강철강,2005-04-25,1,1615,0.6230529595015576
금강철강,2016-05-17,5,4420,-8.771929824561402
서한,2001-07-12,2,27422,-13.061949147168855
서한,2007-07-26,1,730,-8.176100628930817
삼진엘앤디,2010-03-31,64,2093,9.46652719665272
삼진엘앤디,2010-07-19,1,2428,2.8813559322033897
삼진엘앤디,2018-05-29,12,2580,-10.26086956521739
한국정보공학,2010-12-24,1,3270,1.238390092879257
한국정보공학,2020-07-01,1,2945,0.8561643835616438
현대에버다임,2008-05-09,1,7900,4.221635883905013
이수화학,2000-08-17,1,3420,0.0
이수화학,2020-07-20,1,4660,0.21505376344086022
동일기연,2005-11-16,123,2189,31.708784596871237
동일기연,2007-02-07,4,3082,-7.140705031636036
동일기연,2009-05-20,100,6504,25.317919075144506
동운아나텍,2020-06-22,4,5067,-4.179273827534039
KD,2015-09-16,1,4515,-6.11353711790393
KB오토시스,2001-04-26,1,3138,-2.2429906542056073
KB오토시스,2015-09-17,1,5260,0.0
KIB플러그에너지,2007-09-03,21,2729,-8.05256064690027
쎄트렉아이,2017-02-22,1,18543,1.1013576140886538
쎄트렉아이,2021-03-30,1,61800,-2.3696682464454977
신원,2000-08-17,1,4832,13.93539259608583
신원,2006-02-21,1,2250,-1.3157894736842104
신원,2014-08-25,55,2495,10.398230088495575
제노레이,2020-06-26,1,9720,-4.236453201970444
이오테크닉스,2002-02-25,1,4527,5.230125523012552
이오테크닉스,2014-12-22,1,109300,-0.2737226277372263
세원물산,2006-05-25,1,8455,2.187575537829345
에이티세미콘,2022-05-03,5,1910,-7.281553398058252
다이나믹디자인,2018-01-03,2,49290,-7.01929788157175
특수건설,2000-08-23,1,1589,-11.5748469671675
특수건설,2001-04-16,60,1733,2.4231678486997636
특수건설,2001-07-19,1,1903,-5.558312655086849
특수건설,2007-11-23,1,22126,14.850765637165845
특수건설,2014-03-19,8,3711,-13.091334894613581
특수건설,2019-11-05,1,5801,5.147725212978068
한국경제TV,2014-07-04,1,2270,1.7937219730941705
롯데칠성음료,2000-08-16,1,9741,2.5260498894853174
이구산업,2000-08-16,1,798,1.2690355329949239
대주전자재료,2011-03-24,1,14679,6.431264501160093
동성제약,2015-07-02,1,7270,4.005722460658083
비케이홀딩스,2006-11-06,2,4298,-2.3181818181818183
대한항공,2015-01-30,1,27073,-1.5777802014032793
신흥에스이씨,2020-09-15,1,8830,-2.430939226519337
우수AMS,2012-05-17,1,1478,-14.763552479815456
DSC인베스트먼트,2021-01-27,1,4147,-2.5381903642773205
디아이,2013-03-08,45,6800,16.23931623931624
메디프론,2004-06-25,1,2637,1.5011547344110854
코엔텍,2005-08-11,76,1430,11.71875
코엔텍,2009-02-04,1,1220,-2.4
코엔텍,2009-10-27,1,1405,-3.436426116838488
한라IMS,2012-04-04,2,3840,-7.979870596693027
한라IMS,2016-09-26,7,9867,-7.4997656323239905
DN오토모티브,2000-08-17,1,3709,0.4060638873849486
수프로,2018-09-04,65,4700,9.30232558139535
수프로,2021-05-07,46,2485,-0.4008016032064128
세방전지,2003-08-19,4,1925,-1.7857142857142856
세방전지,2013-07-01,1,55900,0.7207207207207207
평화산업,2018-03-22,9,2451,-7.7878103837471775
CS홀딩스,2001-08-10,1,12125,-0.4760732167774768
세토피아,2016-11-28,1,11161,-10.194721596395237
이앤에치,2020-07-31,3,5410,-8.305084745762711
티케이지휴켐스,2012-11-09,1,26150,0.9652509652509652
진양화학,2012-01-30,35,1588,-1.1207970112079702
대성파인텍,2015-06-23,4,1058,-11.833333333333334
에쎈테크,2006-01-11,1,666,1.6793893129770994
에쎈테크,2006-02-09,1,594,-10.136157337367626
에쎈테크,2007-03-02,1,872,-6.538049303322616
도부마스크,2019-02-15,1,498,0.6060606060606061
도부마스크,2019-11-15,1,470,-3.0927835051546393
도부마스크,2023-02-10,1,910,-3.08839190628328
삼보산업,2010-09-17,1,2495,-6.519295616335706
한국전자인증,2017-02-22,4,6210,-5.335365853658536
한국전자인증,2018-03-12,9,7590,-12.958715596330276
유신,2007-01-12,6,10650,-7.391304347826087
유신,2023-08-24,1,35000,-0.42674253200568996
애머릿지,2015-05-26,14,6757,-7.273226293399205
티사이언티픽,2005-08-01,1,5893,1.6209691326090705
에이팩트,2021-08-27,1,5243,-0.888468809073724
우원개발,2016-08-12,1,6390,-1.6923076923076923
SUN&L,2000-06-01,1,2034,0.8928571428571428
AP헬스케어,2015-01-22,131,3616,742.8904428904428
AP헬스케어,2017-01-02,1,3085,1.6474464579901154
대우부품,2000-08-16,1,91933,-4.238453365554884
대우부품,2005-11-15,8,40976,-17.674241054386915
대우부품,2006-06-15,25,54863,-11.642401597629325
CJ ENM,2011-09-08,2,253500,-10.36067892503536
에스넷,2023-01-06,1,5430,1.6853932584269662
포바이포,2023-01-18,1,12050,-6.22568093385214
세진티에스,2007-04-16,1,3500,0.28653295128939826
케이비아이동국실업,2000-08-16,1,1725,-1.7094017094017095
주성엔지니어링,2002-01-02,35,6705,-4.866628830874007
주성엔지니어링,2009-03-25,1,10401,1.8108848864526232
KB금융,2023-01-06,26,50400,-11.11111111111111
위닉스,2003-10-20,1,2585,-6.746031746031746
현대건설,2009-09-15,1,61978,1.1109842243502945
현대건설,2018-03-12,1,40476,-4.695078879208854
롯데정밀화학,2010-08-20,1,69000,0.8771929824561403
롯데정밀화학,2020-07-07,80,51100,23.579201934703747
더테크놀로지,2005-01-19,39,8025,30.424183325207217
더테크놀로지,2009-01-19,1,1805,0.8379888268156425
더테크놀로지,2013-04-01,1,1800,-5.263157894736842
부국철강,2021-09-03,1,5800,-15.451895043731778
티비에이치글로벌,2011-03-29,58,22850,9.59232613908873
티비에이치글로벌,2015-04-03,1,17900,-1.6483516483516485
티비에이치글로벌,2019-09-30,1,3035,-2.0967741935483875
알티캐스트,2022-10-07,1,1880,-6.0
한국정보인증,2018-03-09,9,6410,-7.369942196531793
판타지오,2006-06-13,17,14263,-7.04509906152242
오공,2006-10-16,37,1035,-8.488063660477453
오공,2014-05-14,1,4129,1.3002944062806674
케이피에프,2006-01-09,59,6300,9.375
케이피에프,2020-07-13,29,3765,-4.076433121019108
뉴프렉스,2009-11-17,1,2547,-0.3910833007430583
인팩,2005-04-08,1,1240,-5.343511450381679
흥아해운,2002-04-12,1,3122,-7.796810395747195
에스제이켐,2023-08-11,1,414,-14.989733059548255
에스제이켐,2023-08-31,1,473,2.159827213822894
에스제이켐,2024-01-18,9,392,-10.50228310502283
에스제이켐,2024-03-04,14,414,-11.727078891257996
삼화네트웍스,2019-11-04,1,1550,0.9771986970684038
동진쎄미켐,2002-01-02,66,2890,65.14285714285715
동진쎄미켐,2019-09-04,46,15900,9.278350515463918
동진쎄미켐,2020-09-15,2,31900,-7.402031930333817
강원에너지,2011-12-16,115,7270,65.79247434435575
글로본,2007-05-18,1,31295,-0.9777243386913048
글로본,2015-08-06,3,3610,-11.843711843711842
CMG제약,2005-05-26,1,2088,-1.183151916706105
CMG제약,2018-03-12,9,5283,-27.01022381873446
CMG제약,2020-02-07,1,4175,0.6024096385542169
성안머티리얼스,2023-03-17,1,1084,-1.6333938294010888
플리토,2022-02-25,1,43150,-0.8045977011494253
미래컴퍼니,2011-03-22,39,5827,12.100808003078107
지어소프트,2010-02-23,1,3315,-4.190751445086705
지어소프트,2012-01-26,1,1400,1.083032490974729
지어소프트,2019-06-14,9,7950,-11.1731843575419
에스엔유,2010-12-01,1,12788,-1.4564229020574864
백광산업,2001-04-30,1,1916,14.86810551558753
백광산업,2018-01-16,1,3261,-0.18365472910927455
이글루,2014-05-28,1,6890,0.0
삼성공조,2009-07-21,1,7500,-0.6622516556291391
한신공영,2008-01-07,1,29050,-2.1885521885521886
지앤이헬스케어,2020-08-11,1,2000,-4.761904761904762
한국석유공업,2023-04-05,1,10670,-4.901960784313726
제주반도체,2015-08-04,10,7650,-10.421545667447308
우신시스템,2010-05-24,1,2820,-1.0526315789473684
제일바이오,2005-07-28,1,1323,14.84375
제일바이오,2009-03-26,1,572,-5.140961857379768
인탑스,2015-03-03,1,9773,-1.7690220122625389
케이씨에스,2011-08-26,1,1570,8.275862068965518
케이프,2015-05-06,58,3140,32.48945147679325
한솔홀딩스,2003-01-14,1,4494,0.0
대창,2006-06-26,1,594,-4.193548387096775
대창,2010-11-16,1,1790,-5.039787798408488
대창,2024-04-02,17,1530,7.217939733707078
대한전선,2013-07-11,1,59864,1.838967048296276
에스앤더블류,2010-03-09,1,5560,-0.17953321364452424
에스앤더블류,2018-09-17,1,15400,11.594202898550725
에스앤더블류,2020-12-24,1,2900,-0.684931506849315
동일철강,2000-08-24,1,3399,11.919657556799473
다우데이타,2009-10-06,16,2830,-11.145996860282574
중앙에너비스,2009-03-10,1,2443,-1.4124293785310735
중앙에너비스,2011-06-24,32,3810,-8.523409363745499
오상자이엘,2009-06-24,9,6437,-7.020078000866676
오상자이엘,2021-08-17,1,7223,0.6549609810479375
위메이드맥스,2012-11-26,1,30118,-0.5842548275292953
위메이드맥스,2015-01-23,1,27283,2.152912984873446
위메이드맥스,2023-04-07,2,15630,-7.074910820451843
글로벌에스엠,2015-01-28,20,898,-8.1799591002045
신원종합개발,2005-09-23,1,4425,-0.5617977528089888
신원종합개발,2012-04-23,1,2300,-4.564315352697095
나우코스,2022-07-21,4,5970,-7.153965785381026
나우코스,2023-06-16,6,4975,-7.009345794392523
대화제약,2022-09-15,71,9730,18.94865525672372
대화제약,2024-04-23,1,11110,-1.2444444444444445
에이텍,2005-09-08,1,1285,0.0
에이텍,2020-06-25,67,33100,155.5984555984556
삼천당제약,2009-02-02,1,1945,0.25773195876288657
파워로직스,2012-08-21,4,4240,-8.423326133909287
한미반도체,2006-01-13,3,1189,-12.95754026354319
한미반도체,2012-08-21,1,1156,2.3008849557522124
하이비젼시스템,2014-04-04,1,10600,-0.9345794392523363
제이스텍,2023-01-10,1,8480,1.800720288115246
지니언스,2020-09-17,1,5260,-3.8391224862888484
제노텍,2019-11-04,1,1590,-0.3134796238244514
신시웨이,2024-02-13,9,11560,-7.148594377510039
엔솔바이오사이언스,2023-04-11,1,13460,0.44776119402985076
에스유홀딩스,2017-07-20,1,7600,8.262108262108262
에스유홀딩스,2022-09-20,1,1270,0.3952569169960474
한국제지,2005-05-25,1,6664,0.5431502715751357
한국제지,2017-03-02,14,2065,-8.990744821507272
아이에이치큐,2000-10-12,1,959215,14.99972425434779
아이에이치큐,2009-07-01,1,74959,-0.8937661135717592
스마트솔루션즈,2016-06-01,1,2551,-1.4296754250386399
스마트솔루션즈,2019-07-25,1,2423,-1.3436482084690555
안지오랩,2017-11-07,1,6500,-5.933429811866859
일신석재,2000-11-21,1,4442,14.958592132505174
일신석재,2011-12-27,52,1150,18.556701030927837
한솔피엔에스,2005-08-24,149,3328,120.10582010582011
한솔피엔에스,2010-06-21,1,2361,1.461108723678556
금양,2007-07-25,1,820,-1.0856453558504222
삼일기업공사,2002-05-23,1,860,-4.444444444444445
삼일기업공사,2021-08-17,1,9360,-2.6014568158168574
삼일씨엔에스,2020-11-23,3,10100,-4.265402843601896
DB,2002-05-24,1,707,-1.532033426183844
DB,2023-06-05,1,2135,1.6666666666666667
에쓰씨엔지니어링,2000-08-17,1,473,0.0
에쓰씨엔지니어링,2014-07-02,1,925,0.21668472372697722
블레이드 Ent,2005-04-01,6,2690,-4.609929078014184
블레이드 Ent,2012-01-06,1,1655,0.9146341463414633
파루,2009-07-22,10,4436,-2.010161254694058
파루,2015-07-21,1,3615,0.24958402662229617
파루,2020-10-28,39,2695,-10.316139767054908
콤텍시스템,2014-03-26,1,914,0.9944751381215469
일성건설,2007-11-29,1,1325,-7.986111111111111
일성건설,2012-04-06,1,530,-4.332129963898916
국보디자인,2003-07-28,1,4767,0.0
국보디자인,2006-01-20,1,3050,-11.849710982658959
국보디자인,2012-03-29,1,8340,3.99002493765586
STX중공업,2020-01-03,3,2920,-7.59493670886076
STX중공업,2021-06-28,19,7100,-7.068062827225131
진바이오텍,2009-01-30,1,1700,-0.8746355685131195
진바이오텍,2016-03-04,1,4950,-3.131115459882583
아이에스동서,2001-05-03,1,1580,14.992721979621543
아이에스동서,2019-04-05,1,33600,0.2985074626865672
엠젠솔루션,2004-10-19,1,187273,0.9557951482479784
엠젠솔루션,2015-11-04,1,8288,-0.5996641880546894
엠젠솔루션,2018-01-11,1,10476,-3.722084367245657
코콤,2009-09-16,1,2510,-0.3968253968253968
KH 전자,2016-05-31,1,27945,0.9209100758396532
켐트로스,2017-09-06,6,5850,-9.722222222222223
나노캠텍,2018-06-26,1,7500,-1.185770750988142
체시스,2020-07-01,60,2309,-11.971025543271063
체시스,2022-05-30,1,1345,0.7490636704119851
씨앗,2017-07-31,1,4500,-11.76470588235294
씨앗,2019-11-04,1,1795,-5.277044854881266
스틱인베스트먼트,2008-04-23,1,1800,-2.1739130434782608
스틱인베스트먼트,2012-11-26,97,3520,24.381625441696116
코나아이,2021-08-06,1,43000,-2.272727272727273
갤럭시아머니트리,2009-03-09,71,3542,23.200000000000003
갤럭시아머니트리,2009-03-20,62,3542,21.34292565947242
삼천리자전거,2009-01-07,12,5863,-7.581967213114754
삼천리자전거,2015-07-13,15,23550,-7.465618860510806
DL,2004-01-30,2,32846,-7.507321468799279
DL,2022-08-03,1,67000,0.0
젬백스,2015-05-14,53,33850,57.44186046511628
알에프세미,2008-03-24,1,4000,-0.6704742984852247
알에프세미,2012-11-06,1,10800,-1.36986301369863
알에프세미,2020-11-23,21,5230,-7.104795737122557
원풍물산,2006-04-07,1,906,7.345971563981042
모토닉,2000-08-22,1,1030,0.4878048780487805
유니포인트,2016-05-25,1,22550,-14.90566037735849
유니포인트,2018-09-05,1,17000,0.591715976331361
아이톡시,2006-04-27,25,12512,-9.855907780979827
신화콘텍,2016-09-30,1,6867,2.0205021542118553
신화콘텍,2021-08-19,1,5250,-7.243816254416961
에이디칩스,2002-05-13,1,19343,7.760445682451253
에이디칩스,2013-02-20,1,1828,-1.9313304721030045
NHN벅스,2010-02-17,1,13050,-3.6900369003690034
NHN벅스,2010-10-22,1,9200,-0.7551240560949299
화천기공,2000-06-01,1,14925,-2.4955902528255045
화천기공,2000-07-14,1,11786,-12.005375541287142
화천기공,2005-05-23,7,8572,-8.565333333333333
CJ씨푸드,2011-03-08,1,3500,-3.581267217630854
에이프로,2022-03-02,1,18500,0.5434782608695652
비덴트,2021-02-10,1,9120,0.9966777408637874
비덴트,2021-10-19,1,11400,8.571428571428571
에이테크솔루션,2010-06-23,1,25200,-0.19801980198019803
뉴지랩파마,2017-04-20,14,5775,-7.6
디지아이,2006-01-25,6,9303,-7.266746411483253
디지아이,2015-06-01,1,3110,-0.3205128205128205
이베스트투자증권,2008-02-22,1,15051,-0.5878467635402906
삼진,2019-02-14,1,4674,0.0
인크로스,2017-02-10,1,11249,3.591490929183166
인크로스,2019-06-11,14,14793,-7.282983390786588
미코,2006-11-06,1,4385,0.0
미코,2010-03-03,2,2040,-10.91703056768559
미코,2023-09-04,1,12130,-3.95882818685669
서진시스템,2018-03-12,1,8909,-0.6468161034905766
서진시스템,2019-07-02,16,12466,-8.284284873454974
모두투어,2015-08-28,7,24046,-12.604492258486587
코셋,2015-08-10,1,4500,7.142857142857142
코셋,2018-08-10,1,1445,-14.749262536873156
코셋,2020-07-21,45,1715,6.521739130434782
코셋,2022-07-27,2,1900,-11.627906976744185
와이엠,2006-04-03,42,803,-0.9864364981504316
제넥신,2015-03-17,106,38822,68.08243494826168
제넥신,2017-11-07,1,34864,-0.10315186246418338
엔씨소프트,2017-03-15,1,296500,-0.33613445378151263
로보티즈,2022-02-25,35,24950,-5.313092979127135
우성,2019-03-20,1,29600,-1.1686143572621035
하이록코리아,2017-04-24,60,22750,5.56844547563805
바른손,2005-04-04,62,29709,165.78099838969405
바른손,2014-05-27,1,4481,-14.107724746022617
바른손,2015-11-19,1,2320,-2.480033627574611
케이엔제이,2020-06-29,1,9380,2.178649237472767
키네마스터,2019-09-03,3,6434,-5.701304411549172
RFHIC,2021-06-03,1,38700,1.574803149606299
쌍용정보통신,2019-02-08,4,1118,-7.450331125827815
에프에스티,2019-07-17,1,8250,2.357320099255583
크로넥스,2020-01-02,1,3960,2.857142857142857
뷰웍스,2011-12-09,1,9970,6.0638297872340425
이루온,2009-03-18,1,775,-7.738095238095238
아이진,2018-03-12,1,16687,-2.4323218148862775
앱클론,2022-10-21,1,17800,-1.3850415512465373
바른손이앤에이,2007-11-22,1,1870,-10.952380952380953
시큐브,2012-04-26,60,691,4.53857791225416
유니켐,2001-07-13,1,261818,-5.486325699598579
루트락,2023-01-20,1,2225,12.090680100755668
보령,2001-01-04,4,632,-10.985915492957748
파인디지털,2009-09-17,1,2900,1.7543859649122806
파인디지털,2012-11-26,6,6600,-7.042253521126761
로보쓰리에이아이,2018-05-30,1,4975,-0.5
디지털대성,2004-09-09,1,1665,-7.602663706992232
디지털대성,2005-11-25,4,4218,-7.66199649737303
동일고무벨트,2015-07-20,1,13879,0.630800464037123
헬릭스미스,2018-04-05,1,129776,0.49871449369637266
해성옵틱스,2018-09-20,17,2428,-8.204158790170132
후성,2007-08-23,1,5461,-8.922615076717811
KH바텍,2007-05-28,5,5694,-7.80440414507772
동양,2008-02-22,1,49632,2.0898469639624815
나노엔텍,2017-12-28,38,6250,5.042016806722689
에스엘,2015-05-22,1,15862,1.2705101193896444
레드캡투어,2001-01-12,1,35850,11.856474258970358
대유,2023-01-04,34,3860,0.2597402597402597
쎄니트,2003-10-27,18,6430,-7.694516221648004
쎄니트,2012-07-30,59,575,22.863247863247864
현대제철,2003-08-18,30,7310,5.942028985507246
현대제철,2010-02-24,1,88400,0.22675736961451248
에코캡,2020-07-15,1,1768,-0.7856341189674524
삼일,2000-05-15,1,3700,-10.194174757281553
유진기업,2005-06-01,1,4295,2.019002375296912
효성화학,2020-09-08,1,123000,7.894736842105263
효성화학,2021-08-31,1,376500,-2.461139896373057
커넥트웨이브,2015-05-27,1,6030,1.7034913138809245
커넥트웨이브,2020-06-19,1,28800,-0.5181347150259068
메지온,2013-02-20,1,6843,1.7395182872435324
국도화학,2005-11-16,1,12008,0.9754456777665658
휴니드테크놀러지스,2006-01-18,1,9700,-5.365853658536586
홈센타홀딩스,2020-09-15,5,1135,-6.890894175553733
일진디스플,2012-02-16,30,9724,-4.7320466346624865
사람인,2016-09-22,1,16700,1.8292682926829267
서울제약,2017-05-08,1,12345,-0.4676287994839958
코웰패션,2015-08-28,1,3240,-7.428571428571429
메이슨캐피탈,2015-11-18,1,1237,29.800629590766004
아스트,2019-11-18,1,9230,-3.7539103232533892
에이치케이,2003-06-23,47,810,35.0
에이치케이,2007-02-08,1,1870,-0.5319148936170213
신일제약,2012-04-20,1,1983,-4.755043227665706
신일제약,2020-03-04,5,6581,-7.21838432257155
한화손해보험,2009-07-21,1,10396,1.841692789968652
인지디스플레,2002-03-07,1,4470,2.7586206896551726
인지디스플레,2005-10-26,3,1625,-4.411764705882353
와이엠티,2019-10-18,14,16450,-7.062146892655368
SM C&C,2017-04-03,6,2095,-5.203619909502263
영진약품,2002-01-08,1,1219,2.5231286795626575
카나리아바이오,2020-09-15,1,1008,-0.9823182711198428
에코바이오,2011-08-17,1,5500,0.880410858400587
지에스이,2012-05-09,1,1935,-3.007518796992481
SIMPAC,2005-09-29,1,1370,1.4814814814814816
JW신약,2010-12-10,1,3716,-2.261967385586533
JW신약,2011-09-05,1,4091,-7.149341806627326
JW신약,2011-12-22,31,7208,-0.88008800880088
테크엔,2022-10-24,2,635,-8.895265423242469
세원정공,2019-06-07,25,9759,-2.185025558785206
에스퓨얼셀,2021-08-30,1,37750,0.0
대양금속,2010-02-22,1,126406,1.275497940936113
티피씨글로벌,2015-06-24,1,3545,-1.5277777777777777
서남,2023-07-28,26,4485,3.103448275862069
웰크론,2015-07-16,1,5680,2.527075812274368
토탈소프트,2011-04-08,1,1505,-1.3114754098360655
세기상사,2011-08-18,1,8423,5.379707243838359
케이피에스,2020-11-27,42,17150,-3.651685393258427
CNH,2000-11-09,1,2463,-1.8333997608609007
CNH,2002-01-24,1,1843,3.5975267003934794
CNH,2007-07-23,17,3250,-7.142857142857142
CNH,2014-06-13,48,1655,-0.6006006006006006
파이오링크,2024-04-26,0,13660,0.0
라닉스,2023-04-13,7,5730,-6.372549019607843
SM Life Design,2007-02-05,8,5100,-8.108108108108109
화일약품,2002-12-06,1,1433,1.0578279266572637
화일약품,2003-06-09,30,1005,-7.202216066481995
화일약품,2006-01-16,1,2733,0.9604728481714074
화일약품,2020-03-26,1,2543,-8.294266137756942
나눔테크,2018-10-04,25,3800,-8.653846153846153
녹원씨엔아이,2011-04-01,1,28272,-9.338122113904566
녹원씨엔아이,2012-06-07,33,29910,-10.3685945459994
씨티알모빌리티,2023-01-13,1,15200,-1.935483870967742
세진중공업,2020-09-07,14,5191,-10.376381215469612
동국산업,2000-04-19,16,619,-8.296296296296296
틸론,2016-01-29,1,16050,-7.225433526011561
SNT다이내믹스,2010-05-03,1,16908,6.789616623507863
인지소프트,2015-11-19,41,10800,-8.860759493670885
인지소프트,2019-07-23,1,32600,-1.2121212121212122
엠벤처투자,2004-11-15,4,649,-9.35754189944134
엠벤처투자,2005-09-23,1,880,-2.6548672566371683
스타리츠,2023-06-13,1,3895,-2.625
노랑풍선,2021-09-15,1,15350,-7.250755287009064
사조동아원,2008-05-16,1,3335,1.0606060606060608
DB금융투자,2020-07-20,1,3600,0.5586592178770949
코스텍시스,2023-05-10,1,16925,-1.884057971014493
삼성에스디에스,2020-07-13,1,184500,0.544959128065395
듀오백,2019-08-27,1,2810,-2.5996533795493932
듀오백,2023-12-11,3,2530,-6.296296296296296
유니셈,2004-11-04,1,793,2.0592020592020592
유니셈,2020-03-06,3,5650,-10.317460317460316
유니셈,2023-03-21,1,7140,1.8544935805991443
유니셈,2023-05-22,1,8580,0.8225616921269095
TCC스틸,2023-11-07,3,56000,-7.131011608623548
위월드,2014-12-02,1,3985,-0.12531328320802004
위월드,2015-12-23,1,4230,14.945652173913043
위월드,2017-04-26,1,3995,-13.152173913043477
위월드,2018-07-10,9,2755,-8.166666666666666
아바코,2018-01-02,1,7600,0.7957559681697612
아바코,2022-10-06,1,13250,0.7604562737642585
하이로닉,2017-06-02,20,5140,-6.272793581327499
흥국화재,2005-04-04,1,4177,-2.4065420560747666
정상제이엘에스,2004-02-19,1,2000,-2.67639902676399
SG글로벌,2020-07-06,123,2170,39.1025641025641
성우전자,2023-05-10,1,3030,1.1686143572621035
한익스프레스,2001-03-30,1,671,0.1492537313432836
한익스프레스,2007-11-14,1,1430,-14.880952380952381
한익스프레스,2019-06-12,1,7130,-0.9722222222222222
한익스프레스,2023-01-17,1,5610,0.17857142857142858
우리로,2017-03-28,1,2726,7.0278759324695725
우리로,2023-01-10,1,1345,-3.9285714285714284
덕성,2013-04-03,1,4175,0.6024096385542169
덕성,2019-08-22,1,3450,-3.225806451612903
세원이앤씨,2009-08-28,4,24665,-7.465766272744326
엔케이맥스,2023-08-16,1,7155,-6.040709126723572
엘리비젼,2021-12-20,5,610,-10.68814055636896
에이엔피,2021-09-29,1,2455,-0.6072874493927125
삼성증권,2018-03-14,1,40500,-0.7352941176470588
팬스타엔터프라이즈,2006-01-19,3,35208,-14.487649673329608
팬스타엔터프라이즈,2019-04-01,1,1205,2.553191489361702
한국미라클피플사,2022-02-24,1,22550,-13.766730401529637
골드앤에스,2001-07-05,1,35126,-11.770320506379987
골드앤에스,2005-04-07,6,17304,-10.909746177212583
케이피엠테크,2023-03-29,1,434,0.23094688221709006
버킷스튜디오,2012-11-07,1,6386,-14.819261037748433
버킷스튜디오,2021-09-10,1,2790,9.411764705882353
DB하이텍,2002-01-28,1,7360,-1.4725568942436411
미래산업,2002-03-06,4,55097,-5.8267528116774345
나라소프트,2023-03-16,1,80,0.0
하이트진로홀딩스,2015-06-25,1,15000,-0.33222591362126247
한일철강,2011-09-05,1,1690,-0.5882352941176471
비엘팜텍,2007-09-03,1,4331,-0.3222094361334868
선광,2000-05-09,7,5400,-7.534246575342466
선광,2004-01-05,2,5200,-7.142857142857142
아미코젠,2020-01-02,1,11263,-3.570205479452055
HL홀딩스,2021-02-17,5,40850,-7.7878103837471775
동아화성,2006-06-12,2,2350,-9.615384615384617
동아화성,2021-08-10,1,14000,-2.7777777777777777
현대엘리베이터,2003-12-16,57,27640,11.379754996776272
동부건설,2000-08-18,1,62943,-4.647710230113163
동부건설,2016-04-05,1,19804,1.0820743160473663
고려제약,2009-10-27,1,2890,-9.262166405023548
고려제약,2020-01-02,33,8490,13.351134846461948
서린바이오,2020-02-20,3,8272,-9.058927000879507
씨에스윈드,2017-08-29,4,12526,-6.717307119451892
코아스,2015-08-27,1,2865,5.330882352941177
코아스,2015-11-18,18,2470,-8.348794063079778
오로라,2012-11-26,1,5850,-0.34071550255536626
오로라,2019-07-12,10,12450,-7.434944237918216
감성코퍼레이션,2002-01-29,1,9566,-5.985257985257985
감성코퍼레이션,2015-06-04,17,1909,-8.92175572519084
웨스트라이즈,2010-08-05,1,12618,-5.948121645796064
파라텍,2016-12-01,1,4847,-0.164778578784758
파라텍,2020-05-26,1,5830,-8.333333333333332
SOOP,2004-11-18,1,1321,-0.601956358164033
에스아이리소스,2005-06-14,1,41495,4.7271717732572816
로지스몬,2021-01-21,1,298,-14.857142857142858
로지스몬,2023-11-15,1,451,-14.90566037735849
로지스몬,2024-03-14,4,508,-13.752122241086587
한일현대시멘트,2005-11-25,115,143726,7.777794441861512
서울전자통신,2015-09-18,53,1185,55.51181102362205
미래나노텍,2016-11-15,1,6180,1.3114754098360655
글로벌텍스프리,2021-02-17,1,3200,-1.5384615384615385
와이솔,2015-12-07,26,12683,-9.47826707586896
덕산네오룩스,2019-08-14,67,20650,16.338028169014084
키움증권,2024-01-31,51,119100,23.164426059979316
한양디지텍,2014-11-10,166,7600,166.66666666666669
아이오케이,2007-06-12,59,76520,20.153882389887727
아이오케이,2013-03-28,1,4610,0.0
나노,2016-06-01,10,4613,-7.647647647647647
나노,2023-06-12,32,1205,-8.573596358118362
LG생활건강,2002-01-04,5,33100,-8.055555555555555
LG생활건강,2020-10-07,73,1562000,3.238598810310641
엔텔스,2013-07-03,1,10106,4.530409598676044
와토스코리아,2007-08-08,2,5430,-9.014745308310992
와토스코리아,2012-08-09,1,4381,-3.010847907903476
와토스코리아,2022-09-21,1,6140,-3.761755485893417
씨티씨바이오,2022-02-28,1,9690,0.9375
사조산업,2006-10-16,23,6920,-8.827404479578393
오뚜기,2015-11-19,1,1051000,-0.4734848484848485
위지윅스튜디오,2023-01-18,1,4563,-1.0838933448948622
자비스,2022-10-28,1,1767,-0.5067567567567568
비비안,2000-11-28,2,2054,-8.589230084557187
고려아연,2010-12-15,1,303500,-1.6207455429497568
고려아연,2011-09-02,1,430500,-2.159090909090909
바텍,2009-06-03,13,15800,-8.93371757925072
바텍,2014-04-02,175,24500,63.33333333333333
다올투자증권,2002-01-29,1,4090,-11.279826464208242
파트론,2012-08-14,1,8535,0.4235792446170138
디와이,2009-10-12,9,3638,-3.2446808510638294
디와이,2022-03-21,1,10350,6.481481481481481
CJ제일제당,2011-10-25,1,333000,4.225352112676056
바디텍메드,2018-03-12,1,19700,-0.25316455696202533
바디텍메드,2020-10-29,8,28950,-12.006079027355623
MDS테크,2007-11-13,1,1075,-0.9216589861751152
삼화전자공업,2018-01-16,1,6348,-4.81331533963113
삼영,2021-06-07,1,3015,-4.889589905362776
지아이텍,2022-10-19,1,4185,-4.561003420752566
태원물산,2000-11-30,1,957,-5.434782608695652
태원물산,2001-01-05,3,989,-9.015639374425023
태원물산,2018-06-18,3,4815,-13.399280575539569
한탑,2009-03-24,1,1116,0.45004500450045004
한탑,2019-03-29,1,2948,1.550120564932828
NHN KCP,2015-07-02,1,17396,-0.9339407744874715
티엔엔터테인먼트,2018-04-05,19,32450,-9.986130374479888
삼익악기,2002-07-26,6,925,-8.866995073891626
휴림에이텍,2006-06-07,1,2064,-13.4953897736798
휴림에이텍,2010-11-15,1,1039,-2.5328330206378986
휴림에이텍,2015-01-09,39,482,-8.015267175572518
이수앱지스,2013-06-20,1,8806,0.10230760486529498
이수앱지스,2018-04-09,7,13200,-10.81081081081081
코스모화학,2007-09-17,1,7565,-1.3689700130378095
STX,2016-08-24,1,35601,7.516912297656439
이녹스,2011-03-23,32,7338,-7.395254921756688
폴라리스AI,2011-07-19,5,1899,-5.002501250625312
SKC,2004-11-04,27,8250,-5.172413793103448
진원생명과학,2015-01-07,1,4461,1.6636280765724702
대신증권,2016-02-01,1,11450,-1.293103448275862
에스원,2010-05-18,1,49300,0.6122448979591837
동국제약,2019-09-03,1,13614,1.1967590871924476
고영,2015-02-25,27,8870,-4.930332261521972
디씨엠,2001-07-30,19,4270,-16.274509803921568
디씨엠,2021-05-25,1,17400,-1.41643059490085
대주이엔티,2019-05-16,2,2205,-7.933194154488518
대주이엔티,2021-09-17,1,1305,-1.509433962264151
대주이엔티,2022-07-29,1,2080,-5.6689342403628125
에스에이엠티,2021-09-17,33,4760,-5.555555555555555
코데즈컴바인,2006-03-22,1,898623,-0.17573774862392455
코데즈컴바인,2009-04-28,40,106208,17.991845622299003
엘오티베큠,2006-09-04,1,2092,0.576923076923077
엘오티베큠,2009-06-22,1,2053,-11.20242214532872
SGA,2012-08-31,42,1906,-8.011583011583012
성우하이텍,2011-05-27,47,14125,-4.31513345075193
성우하이텍,2022-10-19,1,5450,-5.709342560553633
성우하이텍,2024-02-02,1,9770,-1.809045226130653
KC그린홀딩스,2013-07-15,1,9890,5.437100213219616
신영와코루,2004-11-16,1,3910,-0.25510204081632654
현대약품,2008-01-21,1,3755,-7.988238176917423
영화금속,2007-07-27,7,940,-7.389162561576355
영화금속,2013-03-22,1,1145,0.43859649122807015
비유테크놀러지,2021-02-17,1,1660,0.42347247428917123
인텔리안테크,2020-02-14,1,34198,4.677073767982859
이노시스,2018-06-29,1,3000,-5.956112852664576
이노시스,2021-06-21,1,978,0.9287925696594427
더존비즈온,2005-03-31,24,7860,2.0779220779220777
더존비즈온,2006-02-16,1,24784,-2.830706500431271
한국큐빅,2007-02-06,1,2571,3.878787878787879
한국큐빅,2014-08-29,26,2565,-10.471204188481675
한국큐빅,2020-07-10,1,2595,-0.19230769230769232
한창제지,2002-06-14,8,3158,-7.660818713450293
한창제지,2009-03-26,1,981,-11.780575539568346
삼성전기,2018-08-28,1,160500,3.215434083601286
파워풀엑스,2020-07-24,1,927,-7.3
좋은사람들,2015-06-10,3,3632,-7.653190948385456
좋은사람들,2019-08-16,1,8704,8.110793690224817
