Stock,Buy Date,Buy Price,Sell Price,Return Rate
스피어파워,2023-08-22,7640,7750,1.4397905759162304
율호,2015-12-01,1696,1704,0.4716981132075472
율호,2022-10-06,1740,1720,-1.1494252873563218
덕산하이메탈,2024-01-23,7440,7500,0.8064516129032258
에이프로젠,2002-02-04,68492,70422,2.817847339835309
하츠,2012-05-09,5250,5400,2.857142857142857
주성코퍼레이션,2018-06-05,67800,73500,8.4070796460177
에이프로젠바이오로직스,2001-08-24,87895,77877,-11.397690426076569
타임기술,2024-04-03,1899,1890,-0.47393364928909953
CJ프레시웨이,2009-03-11,5250,5150,-1.9047619047619049
CJ프레시웨이,2011-12-23,25850,24950,-3.481624758220503
아모레퍼시픽그룹,2007-06-18,18607,18557,-0.26871607459558233
광진실업,2002-04-08,1435,1430,-0.34843205574912894
협진,2014-06-19,4399,4800,9.115708115480793
세코닉스,2022-03-08,10500,10350,-1.4285714285714286
플랜티넷,2020-07-13,2605,2599,-0.23032629558541268
이엔플러스,2006-02-06,6625,6075,-8.30188679245283
이엔플러스,2006-11-27,11645,11485,-1.3739802490339201
미래아이앤지,2010-01-18,4490,4325,-3.6748329621380846
와이투솔루션,2006-10-27,6245,6020,-3.6028823058446755
리드코프,2002-01-02,65060,72826,11.93667383953274
한글과컴퓨터,2003-08-12,8392,8605,2.53813155386082
3S,2021-08-27,3465,3445,-0.5772005772005772
태양금속공업,2014-09-03,1165,1190,2.1459227467811157
유비케어,2012-08-14,3005,2990,-0.49916805324459235
유비케어,2024-01-25,4880,4855,-0.5122950819672131
조비,2006-02-21,9354,9419,0.6948898866794954
조비,2018-07-30,26450,25200,-4.725897920604915
아비코전자,2010-09-06,4100,4715,15.0
이스타코,2002-01-11,406,367,-9.60591133004926
한국알콜,2006-06-21,2498,2494,-0.16012810248198558
한국알콜,2019-01-10,7270,7250,-0.2751031636863824
누리플렉스,2009-07-22,13600,13600,0.0
이글벳,2011-08-01,2053,1960,-4.529956161714564
플레이그램,2011-09-29,933,933,0.0
플레이그램,2013-07-15,1074,1072,-0.186219739292365
플레이그램,2015-04-03,3650,3259,-10.712328767123287
마크로젠,2013-04-15,26033,25633,-1.5365113509776052
TYM,2012-02-08,7024,6605,-5.965261958997722
파이버프로,2023-06-15,3750,3775,0.6666666666666667
한일사료,2005-04-04,758,758,0.0
동신건설,2015-05-22,6530,7500,14.854517611026033
레몬,2020-06-30,15516,15180,-2.165506573859242
한국공항,2001-03-27,11200,11150,-0.4464285714285714
한국공항,2015-01-21,42750,42200,-1.2865497076023393
씨아이테크,2020-07-13,1115,1125,0.8968609865470852
유라테크,2010-02-19,3890,3800,-2.313624678663239
유라테크,2012-05-04,5400,5220,-3.3333333333333335
유라테크,2020-10-19,12000,12450,3.75
고려제강,2001-04-24,5847,5847,0.0
테라사이언스,2015-05-11,1165,1126,-3.347639484978541
테라사이언스,2019-01-07,2015,1970,-2.2332506203473943
미창석유공업,2001-10-29,7540,7590,0.6631299734748011
신화인터텍,2003-02-05,1470,1384,-5.850340136054422
다우기술,2012-01-05,14100,14350,1.773049645390071
삼영에스앤씨,2021-12-24,13300,13200,-0.7518796992481203
부광약품,2009-03-12,7908,8153,3.0981284774911484
휴온스글로벌,2011-12-23,4398,4353,-1.023192360163711
휴온스글로벌,2014-12-08,37370,36435,-2.502006957452502
미원홀딩스,2010-05-24,11141,9876,-11.354456511982766
이연제약,2020-10-05,21578,21038,-2.5025488923903976
엔피디,2023-12-05,2245,2260,0.6681514476614699
에코볼트,2009-03-10,1558,1587,1.8613607188703467
현대바이오,2009-03-26,5095,4607,-9.578017664376839
현대바이오,2016-05-12,6040,6400,5.960264900662252
신테카바이오,2020-08-26,14150,13950,-1.4134275618374559
신테카바이오,2023-01-06,9230,9060,-1.8418201516793065
씨앤씨인터내셔널,2023-08-07,57200,56900,-0.5244755244755245
모헨즈,2000-08-04,10102,9737,-3.6131459117006535
모헨즈,2005-05-13,515,492,-4.466019417475728
CS,2009-03-20,1785,1800,0.8403361344537815
CS,2015-12-10,2790,2710,-2.867383512544803
드래곤플라이,2010-06-25,13719,13997,2.0263867628835923
에스엠벡셀,2000-10-23,7059,7218,2.252443688907777
에스엠벡셀,2004-02-19,3015,3015,0.0
피에스케이홀딩스,2002-01-02,1701,1663,-2.2339800117577897
피에스케이홀딩스,2012-02-20,5162,5119,-0.833010461061604
대한약품,2011-10-12,5910,5880,-0.5076142131979695
대한약품,2011-12-29,10250,11750,14.634146341463413
DRB동일,2020-07-13,7250,7140,-1.5172413793103448
네이블,2022-01-04,8220,8110,-1.338199513381995
호텔신라,2016-04-19,71900,71600,-0.4172461752433936
모아텍,2003-08-18,9438,9203,-2.4899343081161263
한솔인티큐브,2007-03-13,2597,2541,-2.15633423180593
한솔인티큐브,2007-08-01,3496,3733,6.779176201372998
한솔인티큐브,2011-09-02,1548,1623,4.844961240310078
한솔인티큐브,2020-03-30,3800,4150,9.210526315789473
다날,2009-09-17,8117,7372,-9.178267832943206
다날,2012-08-14,3572,3481,-2.547592385218365
다날,2012-11-28,5788,5740,-0.82930200414651
다날,2020-10-28,5070,5070,0.0
유진테크,2023-08-21,34100,33200,-2.6392961876832843
삼보판지,2019-06-11,12450,12250,-1.6064257028112447
유유제약,2012-12-11,3748,3971,5.949839914621132
유유제약,2015-06-24,7734,8798,13.757434703904837
한빛소프트,2003-06-13,6486,6556,1.0792476102374344
한빛소프트,2014-11-26,6200,6110,-1.4516129032258065
한빛소프트,2021-05-25,6640,6710,1.0542168674698795
피제이메탈,2019-12-13,2580,2605,0.9689922480620154
피제이메탈,2023-06-07,4865,4805,-1.2332990750256936
현대해상,2018-09-27,40850,41950,2.692778457772338
엠케이전자,2002-01-29,2307,2173,-5.808409189423494
참좋은여행,2015-06-24,13150,13350,1.520912547528517
모다이노칩,2016-07-01,6600,6525,-1.1363636363636365
인바이오젠,2015-01-12,27700,26700,-3.6101083032490973
대유에이텍,2001-08-07,18325,17792,-2.908594815825375
대유에이텍,2003-01-09,12451,12875,3.405348967954381
대유에이텍,2005-11-29,6878,6878,0.0
RF머트리얼즈,2023-01-11,13250,12800,-3.3962264150943398
세방,2000-08-17,1704,1704,0.0
세방,2005-01-24,4861,4792,-1.4194610162518
농우바이오,2005-04-06,3870,3900,0.7751937984496124
농우바이오,2010-03-02,9970,10350,3.8114343029087263
신풍제약,2005-05-23,1190,1155,-2.941176470588235
나노신소재,2019-03-22,18500,17800,-3.783783783783784
한솔아이원스,2017-07-18,9323,9448,1.3407701383674782
솔브레인홀딩스,2023-10-20,36500,35150,-3.6986301369863015
효성,2013-07-02,34442,33910,-1.544625747633703
디티앤씨,2018-05-29,13700,13000,-5.109489051094891
대봉엘에스,2012-01-06,2920,2785,-4.623287671232877
대봉엘에스,2018-04-02,12550,12600,0.398406374501992
POSCO홀딩스,2023-06-07,388500,388000,-0.1287001287001287
한국앤컴퍼니,2021-03-29,19050,19000,-0.26246719160104987
SK하이닉스,2000-08-18,429888,432833,0.6850621557242816
나라엠앤디,2020-09-17,8490,8070,-4.946996466431095
대아티아이,2006-02-21,1974,1871,-5.2178318135764945
대아티아이,2019-11-08,6100,5900,-3.278688524590164
대아티아이,2021-07-28,6790,6810,0.29455081001472755
남선알미늄,2000-08-16,165,166,0.6060606060606061
남선알미늄,2005-09-09,212,209,-1.4150943396226416
남선알미늄,2008-10-01,672,772,14.880952380952381
인성정보,2005-09-12,1538,1476,-4.031209362808843
룽투코리아,2012-07-06,3220,3700,14.906832298136646
어보브반도체,2021-06-15,15700,15900,1.2738853503184715
화성밸브,2009-07-16,2136,2120,-0.7490636704119851
엔터파트너즈,2022-10-05,801,795,-0.7490636704119851
디지틀조선,2003-07-18,1580,1550,-1.89873417721519
시공테크,2004-01-07,1765,1760,-0.28328611898017
시공테크,2012-01-03,3820,3785,-0.9162303664921465
서울식품공업,2008-04-23,236,202,-14.40677966101695
삼일제약,2018-08-24,12119,12805,5.660533047281128
삼일제약,2019-11-06,10839,10153,-6.328997139957561
삼일제약,2020-07-23,9718,9352,-3.766207038485285
에이텍모빌리티,2020-07-01,9550,10400,8.900523560209423
에이텍모빌리티,2020-10-14,24500,22850,-6.73469387755102
엘디티,2009-08-14,4870,4550,-6.570841889117044
팜젠사이언스,2000-05-09,13923,14529,4.352510234863176
이지홀딩스,2009-03-20,1915,1911,-0.20887728459530025
HD현대에너지솔루션,2022-03-02,24950,24250,-2.80561122244489
이엠티,2016-08-25,7450,6340,-14.899328859060404
이엠티,2018-02-07,2600,2600,0.0
이엠티,2019-02-19,2800,3200,14.285714285714285
네패스,2009-10-12,12749,12749,0.0
KR모터스,2014-06-11,20526,20526,0.0
지엔코,2003-06-17,1835,1911,4.141689373297003
지엔코,2011-11-07,2050,2060,0.4878048780487805
지엔코,2020-01-10,1240,1255,1.2096774193548387
EG,2006-07-06,8157,7934,-2.733848228515386
쌍방울,2022-06-13,827,732,-11.487303506650544
한울소재과학,2009-03-26,1150,1100,-4.3478260869565215
케이바이오,2020-11-30,2447,2477,1.2259910093992643
케이바이오,2021-09-01,2633,2707,2.8104823395366503
서원,2009-02-04,489,468,-4.294478527607362
서원,2016-07-01,1905,1985,4.199475065616798
팜스코,2000-08-17,1245,1200,-3.614457831325301
팜스코,2009-07-06,1700,1690,-0.5882352941176471
바이온,2018-01-02,3893,3818,-1.9265348060621628
세아베스틸지주,2002-05-28,32125,32125,0.0
삼성SDI,2008-05-16,80000,79000,-1.25
제이앤티씨,2020-06-26,14050,14100,0.3558718861209964
영풍제지,2021-02-01,2869,2947,2.718717323109097
영풍제지,2021-04-08,3218,3149,-2.1441889372280922
국동,2009-03-16,1124,1258,11.921708185053381
국동,2010-06-07,955,991,3.769633507853403
국동,2012-03-20,825,780,-5.454545454545454
휴림로봇,2009-03-20,1177,1237,5.097706032285472
일진전기,2012-02-27,6400,6324,-1.1875
일진전기,2023-08-25,10872,11335,4.258646063281825
일진전기,2023-11-27,12933,12942,0.06958942240779402
유한양행,2000-09-29,3791,3597,-5.117383276180427
성창기업지주,2001-01-11,635,622,-2.047244094488189
성창기업지주,2001-10-31,1042,1072,2.8790786948176583
도이치모터스,2007-02-22,12512,12274,-1.9021739130434785
도이치모터스,2009-06-03,2447,2351,-3.9231712300776462
도이치모터스,2011-01-03,4572,4577,0.10936132983377078
세우글로벌,2014-03-27,2360,2370,0.423728813559322
포스코스틸리온,2023-02-17,35650,36650,2.805049088359046
포스코스틸리온,2023-06-14,52000,53200,2.307692307692308
인지컨트롤스,2011-05-31,6130,5920,-3.4257748776508974
인지컨트롤스,2022-09-19,8260,8800,6.5375302663438255
유수홀딩스,2004-10-28,10483,10269,-2.041400362491653
유수홀딩스,2014-12-02,5604,6430,14.739471805852963
스페코,2010-11-24,4400,4600,4.545454545454546
신라에스지,2002-01-08,3690,3560,-3.523035230352303
에스코넥,2018-06-01,2540,2590,1.968503937007874
HL D&I,2019-11-08,3245,3230,-0.46224961479198773
SG,2018-07-26,4358,4618,5.966039467645709
안랩,2019-11-05,62700,63100,0.6379585326953748
코스맥스,2014-08-22,98928,105141,6.280325084910237
코스맥스,2021-05-27,125500,126000,0.398406374501992
한국카본,2022-02-25,11450,11950,4.366812227074235
TJ미디어,2009-11-02,3400,3395,-0.14705882352941177
서진오토모티브,2018-01-19,4665,4760,2.0364415862808145
삼양패키징,2023-03-08,19050,18980,-0.3674540682414698
한일화학,2015-05-26,15100,15000,-0.6622516556291391
제룡산업,2012-11-23,1940,2023,4.278350515463917
에스제이엠홀딩스,2000-08-17,2602,2521,-3.112990007686395
에스제이엠홀딩스,2005-08-26,3347,3307,-1.1951000896325068
에스제이엠홀딩스,2010-12-09,4455,4470,0.33670033670033667
뉴보텍,2005-12-01,6178,6596,6.765943671090968
판도라티비,2016-07-15,2400,2350,-2.083333333333333
판도라티비,2024-03-25,999,1148,14.914914914914915
오리온홀딩스,2011-09-09,26575,26084,-1.8476011288805267
오리온홀딩스,2015-03-19,52856,52660,-0.37081882851521114
오리온홀딩스,2021-01-28,13900,13400,-3.597122302158273
조광페인트,2012-06-12,9860,9750,-1.1156186612576064
HDC현대EP,2011-06-21,7400,7300,-1.3513513513513513
HDC현대EP,2021-11-17,6440,6310,-2.018633540372671
유엑스엔,2020-06-09,9400,9500,1.0638297872340425
서전기전,2018-10-12,4760,4800,0.8403361344537815
아난티,2001-11-27,477,477,0.0
아난티,2011-09-06,480,496,3.3333333333333335
HLB,2017-03-03,6148,6069,-1.2849707221860767
압타바이오,2023-05-31,11060,11530,4.249547920433996
에넥스,2012-06-12,760,747,-1.710526315789474
큐엠씨,2017-02-28,15350,15350,0.0
큐엠씨,2018-06-14,9950,9950,0.0
베셀,2017-06-07,1992,2037,2.2590361445783134
에이디테크놀로지,2023-09-05,24800,24000,-3.225806451612903
에이디테크놀로지,2024-02-15,30400,29550,-2.7960526315789473
휠라홀딩스,2022-10-19,32600,32850,0.7668711656441718
하나투어,2017-01-19,67402,68672,1.8842170855464229
유니테크노,2017-04-04,4652,4727,1.6122098022355975
한솔로지스틱스,2004-08-16,980,985,0.5102040816326531
우리기술투자,2009-03-12,295,255,-13.559322033898304
우리기술투자,2024-02-14,6760,8530,26.183431952662723
관악산업,2016-09-08,3600,3430,-4.722222222222222
관악산업,2016-10-04,3600,3280,-8.88888888888889
관악산업,2017-09-20,5580,5450,-2.3297491039426523
옵티시스,2021-09-01,28350,27450,-3.1746031746031744
삼양홀딩스,2006-01-06,50585,49717,-1.7159236927943067
굿센,2017-04-21,24900,24750,-0.6024096385542169
크리스탈신소재,2020-06-30,1735,1730,-0.2881844380403458
이수페타시스,2004-10-11,1806,1735,-3.9313399778516054
이화공영,2005-09-12,614,705,14.82084690553746
이화공영,2008-09-09,5608,5836,4.065620542082739
유아이디,2019-07-08,3610,3720,3.0470914127423825
CG인바이츠,2020-07-29,9737,9437,-3.081031118414296
핑거스토리,2024-02-16,3720,3950,6.182795698924731
한창,2019-11-08,11296,10888,-3.6118980169971673
대주산업,2007-01-04,485,500,3.0927835051546393
SK텔레콤,2002-01-03,47793,48483,1.4437260686711444
삼륭물산,2000-06-02,2728,2662,-2.4193548387096775
삼륭물산,2004-11-03,702,626,-10.826210826210826
이렘,2007-01-04,51326,46371,-9.653976542103418
이렘,2009-03-25,20454,20838,1.8773833968905838
이렘,2015-05-29,34065,33781,-0.8337002788786143
LB세미콘,2024-01-25,9170,8680,-5.343511450381679
모바일어플라이언스,2019-03-29,3193,3223,0.9395552771688067
황금에스티,2020-07-13,5036,4970,-1.3105639396346307
브리지텍,2024-02-16,8300,9000,8.433734939759036
KH 필룩스,2009-03-09,15390,15045,-2.241715399610136
동국S&C,2013-11-07,4515,4615,2.2148394241417497
동국S&C,2022-03-02,6150,6230,1.3008130081300813
YTN,2009-06-24,4780,4690,-1.882845188284519
코렌텍,2014-04-03,24039,24337,1.239652231790008
이비테크,2018-04-13,4370,4750,8.695652173913043
원익홀딩스,2009-05-18,1519,1549,1.9749835418038184
동원수산,2019-11-06,9500,9580,0.8421052631578947
에코프로,2014-05-29,1028,1071,4.182879377431906
옵티팜,2022-02-28,10900,10950,0.45871559633027525
DB손해보험,2018-09-27,71500,72800,1.8181818181818181
제이에스티나,2014-12-03,19500,20150,3.3333333333333335
엔피,2023-01-17,6350,6150,-3.149606299212598
유진로봇,2002-02-26,8914,8526,-4.352703612295266
대현,2001-04-17,405,415,2.4691358024691357
대현,2016-04-19,3695,3875,4.871447902571042
HLB테라퓨틱스,2017-12-28,16549,18054,9.09420508792072
HLB테라퓨틱스,2021-12-08,7522,7686,2.180271204466897
대림비앤코,2002-10-15,2055,1994,-2.9683698296836982
SBS,2011-09-05,33000,33500,1.5151515151515151
국영지앤엠,2011-12-23,1470,1490,1.3605442176870748
국영지앤엠,2018-06-26,1895,1840,-2.9023746701846966
LX인터내셔널,2002-01-28,5261,5274,0.24710131153773046
웰크론한텍,2011-08-17,2490,2630,5.622489959839357
DSR,2020-07-13,3975,3985,0.25157232704402516
롯데이노베이트,2023-04-18,30900,31500,1.9417475728155338
재영솔루텍,2015-02-27,1509,1504,-0.33134526176275675
JW중외제약,2020-07-24,35562,34032,-4.302345199932512
남성,2000-08-14,610,701,14.918032786885247
태양,2004-05-24,3000,3090,3.0
샘표,2018-07-09,48350,48000,-0.7238883143743536
샘표,2019-04-04,37000,36950,-0.13513513513513514
SK케미칼,2021-10-08,200494,208834,4.159725478069169
피에스텍,2020-12-21,4775,4700,-1.5706806282722512
MIT,2013-04-15,50284,47844,-4.852438151300612
코오롱인더,2010-10-25,67988,70700,3.9889392245690414
조광ILI,2018-06-07,1170,1097,-6.239316239316239
대원미디어,2010-10-21,10100,9750,-3.4653465346534658
대원미디어,2012-11-23,10850,11250,3.686635944700461
대원미디어,2015-05-19,8370,8380,0.11947431302270012
대원미디어,2018-11-12,9570,9370,-2.089864158829676
아이크래프트,2006-11-02,1471,1493,1.495581237253569
아이크래프트,2015-08-05,9101,9018,-0.9119876936600374
아이크래프트,2024-01-05,3910,4000,2.3017902813299234
휴온스,2022-02-08,47000,48700,3.6170212765957444
DH오토웨어,2005-11-03,15750,16900,7.301587301587302
DH오토웨어,2012-04-30,4325,4970,14.913294797687863
삼성출판사,2011-10-13,6300,6360,0.9523809523809524
삼성출판사,2016-10-10,13500,13200,-2.2222222222222223
SPC삼립,2001-10-10,37257,42742,14.722065652092226
보성파워텍,2009-02-16,1046,951,-9.082217973231357
보성파워텍,2009-03-16,1085,1102,1.566820276497696
보성파워텍,2011-12-22,2164,2202,1.756007393715342
보성파워텍,2019-11-05,2210,2340,5.88235294117647
동원산업,2005-02-07,2740,3150,14.963503649635038
동원산업,2007-03-27,8250,8190,-0.7272727272727273
푸드웰,2005-09-02,739,731,-1.0825439783491204
LIG넥스원,2016-07-22,99300,101500,2.2155085599194364
삼진제약,2000-05-09,25789,26052,1.0198146496568303
엠투엔,2000-12-08,3874,3591,-7.305110996386165
티에이치엔,2009-09-08,1130,1295,14.601769911504425
티에이치엔,2015-12-29,1850,1835,-0.8108108108108109
대명소노시즌,2006-02-07,5140,5140,0.0
대명소노시즌,2009-07-27,1155,1140,-1.2987012987012987
KG케미칼,2008-04-15,2230,2280,2.242152466367713
성호전자,2009-06-25,1935,1915,-1.03359173126615
성호전자,2010-12-10,1960,2075,5.86734693877551
제이엠티,2011-05-30,2020,1945,-3.7128712871287126
위메이드플레이,2014-09-12,60178,63549,5.601714912426468
브이원텍,2021-03-09,12050,10800,-10.37344398340249
LG화학,2002-08-26,62293,62436,0.22956030372594033
LG화학,2022-07-22,561000,556000,-0.8912655971479502
쇼박스,2020-09-15,2820,2815,-0.1773049645390071
링크제니시스,2020-12-21,7330,7120,-2.8649386084583903
한국금융지주,2004-02-13,6900,6910,0.14492753623188406
한국금융지주,2018-03-12,86200,86400,0.23201856148491878
아이윈플러스,2020-07-20,6385,6385,0.0
앤씨앤,2017-02-20,6154,6074,-1.2999675008124796
디오,2012-01-06,8520,8640,1.4084507042253522
삼영전자공업,2000-05-09,11800,11550,-2.11864406779661
휴스틸,2005-04-21,2694,2658,-1.3363028953229399
에스바이오메딕스,2024-02-14,9980,10050,0.7014028056112225
가온전선,2002-01-28,6148,5931,-3.5296031229668188
HDC,2003-06-26,6171,6052,-1.9283746556473829
시알홀딩스,2023-06-16,11030,10630,-3.626473254759746
THE MIDONG,2015-04-13,5670,5570,-1.763668430335097
THE MIDONG,2019-04-05,4245,4075,-4.004711425206125
THE MIDONG,2023-04-04,1240,1370,10.483870967741936
대한뉴팜,2017-10-16,12150,12200,0.411522633744856
흥구석유,2011-12-23,1620,1640,1.2345679012345678
우진,2022-05-04,11550,13150,13.852813852813853
KBI메탈,2004-05-11,31981,31489,-1.5384134329758294
코이즈,2020-12-21,1147,1110,-3.225806451612903
인터플렉스,2003-08-11,14727,14727,0.0
인터플렉스,2009-10-28,6650,6676,0.3909774436090226
부산주공,2006-01-24,1709,1964,14.92100643651258
테크엘,2005-08-23,21171,20419,-3.5520287185300647
썬테크,2017-09-29,21100,22250,5.450236966824645
썬테크,2019-03-13,10000,10000,0.0
GS건설,2021-06-02,45400,44800,-1.3215859030837005
데이터스트림즈,2019-07-16,4395,3800,-13.538111490329921
삼부토건,2004-09-17,50159,53909,7.476225602583783
삼부토건,2018-04-20,1660,2150,29.518072289156628
한독,2003-06-10,5134,5085,-0.9544215037008181
아진산업,2020-09-15,2660,2750,3.3834586466165413
바이오솔루션,2022-09-16,14600,13700,-6.164383561643835
HJ중공업,2014-04-01,140698,140190,-0.3610570157358313
인선이엔티,2011-08-19,3585,3365,-6.136680613668061
금호타이어,2007-08-30,47476,47476,0.0
세화피앤씨,2018-11-08,2588,2498,-3.4775888717156103
세화피앤씨,2019-04-08,1627,1672,2.7658266748617084
퍼스텍,2019-11-05,2270,2255,-0.6607929515418502
로보로보,2017-12-27,2698,3008,11.489992587101556
현대에이치티,2001-07-09,1910,1830,-4.18848167539267
현대에이치티,2011-08-18,3105,3200,3.059581320450886
현대에이치티,2011-10-18,3805,4215,10.775295663600525
엄지하우스,2022-11-22,4750,4715,-0.7368421052631579
CBI,2000-04-25,690,620,-10.144927536231885
CBI,2001-04-26,900,790,-12.222222222222221
화승인더스트리,2002-05-09,1059,1028,-2.927289896128423
화승인더스트리,2016-02-29,7870,7820,-0.6353240152477764
대원제약,2000-11-16,1059,1101,3.9660056657223794
HD현대일렉트릭,2020-07-13,8250,8000,-3.0303030303030303
코미코,2019-04-04,28200,28800,2.127659574468085
드림씨아이에스,2023-08-03,3361,3467,3.153823266884856
디젠스,2015-12-18,1464,1460,-0.273224043715847
현우산업,2009-06-26,4489,4628,3.096458008465137
영보화학,2002-01-04,1829,1804,-1.366867140513942
데브시스터즈,2021-05-31,114500,112600,-1.6593886462882095
데브시스터즈,2021-11-12,152000,148700,-2.1710526315789473
디앤씨미디어,2018-01-08,9500,9090,-4.315789473684211
이니텍,2005-05-23,2320,2335,0.646551724137931
이니텍,2011-08-18,2950,2810,-4.745762711864407
아이쓰리시스템,2022-02-10,19250,18650,-3.116883116883117
질경이,2018-08-27,12500,11400,-8.799999999999999
메디콕스,2003-01-14,1168480,1178971,0.8978330822949472
메디콕스,2007-03-09,503433,428111,-14.961673152137426
메디콕스,2016-01-21,14276,14276,0.0
까뮤이앤씨,2009-06-30,859,839,-2.3282887077997674
까뮤이앤씨,2013-03-12,247,242,-2.0242914979757085
광림,2021-01-15,1840,1765,-4.076086956521739
삼표시멘트,2003-05-28,46061,51294,11.361021254423482
삼표시멘트,2006-01-20,30952,27415,-11.427371413802016
탑코미디어,2016-09-23,4135,4215,1.9347037484885126
위메이드,2021-08-17,38140,38493,0.925537493445202
대창스틸,2021-02-17,2630,2615,-0.5703422053231939
제이엠아이,2021-05-13,1380,1360,-1.4492753623188406
이랜시스,2022-03-21,3700,3850,4.054054054054054
컴투스,2014-02-11,22102,22369,1.208035471902995
웨이버스,2023-08-25,1864,1901,1.984978540772532
디이엔티,2022-06-02,7577,7496,-1.0690246799524878
코닉오토메이션,2022-11-01,5060,4810,-4.940711462450593
서부T&D,2001-01-09,507,475,-6.31163708086785
서부T&D,2001-12-17,448,434,-3.125
서부T&D,2006-01-06,3650,3709,1.6164383561643836
서부T&D,2006-02-20,3339,3503,4.911650194669063
한스바이오메드,2015-03-16,19350,19250,-0.516795865633075
한진중공업홀딩스,2020-11-12,4250,4220,-0.7058823529411765
삼영엠텍,2015-03-19,3460,3450,-0.2890173410404624
삼영엠텍,2022-07-08,5450,5260,-3.486238532110092
삼현철강,2005-01-20,1190,1145,-3.7815126050420167
삼현철강,2009-03-24,3720,3720,0.0
한국테크놀로지,2018-01-10,2527,2663,5.381875741986545
현대코퍼레이션,2003-06-19,27049,25800,-4.617545935154719
티엘아이,2011-12-08,6930,6690,-3.463203463203463
테크트랜스,2018-12-04,5100,5000,-1.9607843137254901
케이씨티시,2001-10-15,440,427,-2.9545454545454546
케이씨티시,2005-11-16,1587,1474,-7.120352867044738
깨끗한나라,2005-09-08,4913,5089,3.582332587014044
동양철관,2008-02-13,1853,1740,-6.098219104155424
동양철관,2010-04-29,1258,1244,-1.1128775834658187
엑사이엔씨,2009-10-14,9228,8965,-2.850021673168617
엑사이엔씨,2023-01-11,1455,1480,1.718213058419244
조아제약,2004-10-21,1011,1026,1.483679525222552
조아제약,2010-10-04,3460,3430,-0.8670520231213872
한진,2014-08-18,34377,34139,-0.6923233557320301
국일신동,2018-11-07,4470,4585,2.5727069351230423
카스,2001-08-02,2958,2609,-11.798512508451656
카스,2005-09-02,1323,1383,4.535147392290249
카스,2019-03-27,2060,1970,-4.368932038834951
상상인,2010-04-26,1576,1576,0.0
싸이토젠,2024-01-31,14210,14070,-0.9852216748768473
진양산업,2021-07-28,6410,6440,0.46801872074883
지니뮤직,2004-03-29,4235,4320,2.0070838252656436
지니뮤직,2004-04-28,5260,5890,11.977186311787072
동아쏘시오홀딩스,2000-08-18,12454,12181,-2.1920668058455117
동아쏘시오홀딩스,2005-08-18,30385,30485,0.3291097581043278
한화투자증권,2018-03-16,3220,3130,-2.7950310559006213
부방,2009-03-23,441,411,-6.802721088435375
부방,2009-08-04,511,509,-0.3913894324853229
부방,2015-06-24,7239,7391,2.099737532808399
YG PLUS,2007-08-24,3095,3030,-2.10016155088853
신도기연,2023-01-16,6270,6060,-3.349282296650718
새로닉스,2005-03-10,1570,1565,-0.3184713375796179
새로닉스,2017-11-06,6750,7100,5.185185185185185
더라미,2001-03-30,50449588,49469092,-1.9435163672694413
남해화학,2010-09-30,17900,17900,0.0
남해화학,2013-07-04,8130,8000,-1.5990159901599015
알에프텍,2004-11-16,3146,3146,0.0
알에프텍,2007-05-29,2436,2467,1.2725779967159279
알에프텍,2010-03-09,4549,4702,3.3633765662783026
알에프텍,2014-12-30,4658,5356,14.984972091026192
프레스티지바이오파마,2023-01-18,8330,8250,-0.9603841536614646
스카이문스테크놀로지,2007-02-21,6750,6690,-0.8888888888888888
스카이문스테크놀로지,2011-09-05,2520,2300,-8.73015873015873
에이펙스인텍,2019-07-26,13500,13150,-2.5925925925925926
에이펙스인텍,2021-02-05,11000,12000,9.090909090909092
에이펙스인텍,2022-12-02,8990,7650,-14.905450500556173
신성델타테크,2021-09-03,18100,18300,1.1049723756906076
큐러블,2014-07-14,3800,3600,-5.263157894736842
큐러블,2020-04-08,2695,3075,14.100185528756956
큐러블,2022-09-21,9520,9490,-0.31512605042016806
큐러블,2023-04-21,8420,8400,-0.23752969121140144
서호전기,2019-06-11,22800,22200,-2.631578947368421
EMB,2021-04-26,6320,6250,-1.1075949367088607
넥슨게임즈,2020-06-24,8010,7880,-1.6229712858926344
코스모신소재,2013-04-25,4008,3993,-0.37425149700598803
코스모신소재,2022-10-20,62727,60949,-2.8345050775583083
HB테크놀러지,2006-11-28,4190,4290,2.386634844868735
HB테크놀러지,2009-03-24,550,550,0.0
HB테크놀러지,2013-10-04,1800,1845,2.5
블루탑,2019-11-06,39550,38400,-2.9077117572692797
SHD,2000-08-09,5402,5197,-3.7948907811921515
아우딘퓨쳐스,2022-12-13,3105,3930,26.570048309178745
대호특수강,2010-03-11,11810,11810,0.0
메타랩스,2010-12-27,92875,89855,-3.2516823687752354
아미노로직스,2007-06-15,5561,5579,0.32368279086495233
광무,2019-06-21,6705,7035,4.921700223713646
웅진씽크빅,2020-01-02,2808,2699,-3.881766381766382
영풍,2003-06-23,46800,46600,-0.4273504273504274
영풍,2008-04-18,457000,451000,-1.312910284463895
와이엔텍,2007-11-28,6389,5615,-12.11457192048834
와이엔텍,2019-05-23,8350,8090,-3.1137724550898205
녹십자,2000-05-08,25816,25447,-1.4293461419274869
녹십자,2001-08-01,30426,34806,14.395582725300729
진매트릭스,2012-02-16,1872,1882,0.5341880341880342
동화약품,2000-03-28,3192,3022,-5.325814536340852
삼화콘덴서공업,2006-02-14,2180,2050,-5.963302752293578
삼화콘덴서공업,2007-05-28,3980,3910,-1.7587939698492463
종근당홀딩스,2003-11-18,2191,2128,-2.8753993610223643
종근당홀딩스,2008-04-22,14861,15072,1.4198236996164457
보해양조,2004-03-22,467,471,0.8565310492505354
보해양조,2004-10-08,544,525,-3.4926470588235294
유니슨,2004-07-07,2931,2669,-8.938928693278744
유니슨,2005-08-01,7600,7600,0.0
SCI평가정보,2003-01-28,1962,1754,-10.601427115188583
SCI평가정보,2006-01-16,765,795,3.9215686274509802
비트컴퓨터,2009-09-18,3817,4036,5.737490175530521
비트컴퓨터,2011-12-12,3536,3516,-0.5656108597285068
비트컴퓨터,2021-06-01,10050,10000,-0.4975124378109453
심텍홀딩스,2008-12-11,1137,1058,-6.948109058927001
심텍홀딩스,2010-06-22,5399,5470,1.3150583441378034
이건산업,2015-05-21,25450,25650,0.7858546168958742
유화증권,2002-10-21,1370,1360,-0.7299270072992701
대창솔루션,2013-09-23,496,499,0.6048387096774194
대창솔루션,2019-11-04,472,468,-0.847457627118644
에스폴리텍,2020-08-31,7610,7560,-0.657030223390276
알로이스,2020-06-24,1107,1089,-1.6260162601626018
진양제약,2015-06-25,7770,7470,-3.861003861003861
진양제약,2021-08-24,8370,8100,-3.225806451612903
안트로젠,2018-05-30,135200,144600,6.952662721893491
PN풍년,2005-04-14,400,401,0.25
PN풍년,2009-07-14,874,890,1.8306636155606408
코맥스,2003-06-17,1646,1622,-1.4580801944106925
코맥스,2009-06-29,1044,1017,-2.586206896551724
제닉,2018-01-19,12900,16400,27.131782945736433
한솔테크닉스,2019-07-25,6980,7090,1.5759312320916905
셀루메드,2018-01-02,12866,12866,0.0
DGP,2005-12-28,9229030,8563030,-7.216359682436832
DGP,2013-10-31,42160,43590,3.3918406072106264
이브이파킹서비스,2023-10-13,1934,2220,14.788004136504654
선도전기,2007-08-09,3115,3580,14.92776886035313
선도전기,2009-12-04,3105,3095,-0.322061191626409
선도전기,2011-09-05,2230,2065,-7.399103139013453
SG세계물산,2001-08-07,261,260,-0.38314176245210724
SG세계물산,2015-11-24,1385,1400,1.083032490974729
진도,2007-06-15,5783,5700,-1.4352412242780563
진도,2009-01-23,1755,1652,-5.868945868945869
진도,2020-08-07,2635,2630,-0.18975332068311196
하이트론씨스템즈,2011-07-07,4543,5072,11.644287915474356
하이트론씨스템즈,2015-11-26,4853,4790,-1.2981660828353596
금호석유화학,2007-08-30,73500,73800,0.40816326530612246
서플러스글로벌,2022-02-08,4235,4650,9.799291617473434
이랜텍,2010-05-17,5535,5132,-7.280939476061428
이랜텍,2021-12-28,12050,12600,4.564315352697095
중앙백신,2016-11-10,21583,23406,8.446462493629245
중앙백신,2019-04-08,21300,21000,-1.4084507042253522
기업은행,2011-05-25,18750,19000,1.3333333333333335
파마리서치바이오,2017-02-14,23650,21850,-7.6109936575052854
네오리진,2015-06-12,1735,1780,2.5936599423631126
프리엠스,2003-09-09,1800,1820,1.1111111111111112
프리엠스,2017-10-30,7010,7020,0.14265335235378032
세운메디칼,2011-12-13,4730,4720,-0.21141649048625794
삼익THK,2009-09-23,2295,2230,-2.832244008714597
삼익THK,2011-07-06,10100,10150,0.49504950495049505
삼익THK,2014-11-10,9420,9420,0.0
한세실업,2012-02-06,7630,7710,1.0484927916120577
한세실업,2015-10-06,61000,59000,-3.278688524590164
SNT모티브,2020-07-13,41900,41650,-0.5966587112171837
노드메이슨,2022-09-21,8190,8290,1.221001221001221
강스템바이오텍,2018-11-08,15483,14878,-3.907511464186527
한화오션,2005-05-26,8617,8884,3.098526169200418
초록뱀미디어,2009-06-25,41570,40790,-1.8763531392831367
초록뱀미디어,2012-01-10,22370,22470,0.44702726866338843
초록뱀미디어,2014-07-21,15690,15360,-2.1032504780114722
와이오엠,2007-01-09,1728150,1689555,-2.233313080461765
KISCO홀딩스,2000-08-16,1017,979,-3.736479842674533
예스코홀딩스,2000-08-14,12450,12950,4.016064257028113
하나머티리얼즈,2020-09-11,25200,25200,0.0
하나머티리얼즈,2023-01-06,37050,37300,0.6747638326585695
하나머티리얼즈,2023-03-20,39300,38800,-1.2722646310432568
진성티이씨,2001-03-30,1096,1093,-0.2737226277372263
진성티이씨,2008-07-24,14465,14465,0.0
휴맥스홀딩스,2020-12-21,5040,4915,-2.4801587301587302
이수스페셜티케미컬,2024-01-26,176600,180400,2.1517553793884483
우진비앤지,2022-05-17,2275,2220,-2.417582417582418
케이피티유,2003-06-02,990,950,-4.040404040404041
케이피티유,2009-06-12,2310,2480,7.35930735930736
TPC,2007-01-10,853,897,5.1582649472450175
TPC,2007-05-17,1174,1139,-2.9812606473594547
TPC,2022-02-25,4545,4590,0.9900990099009901
TPC,2024-03-19,3930,3860,-1.7811704834605597
알루코,2015-11-13,7370,7210,-2.1709633649932156
대한광통신,2011-12-08,1755,1832,4.387464387464387
엠씨넥스,2023-03-08,32550,32100,-1.3824884792626728
대동고려삼,2016-02-18,11000,11000,0.0
대동고려삼,2020-10-07,5360,5300,-1.1194029850746268
에스제이지세종,2011-06-15,19100,18850,-1.3089005235602094
스맥,2020-07-13,2050,2030,-0.975609756097561
에이루트,2012-09-03,1717,1672,-2.6208503203261504
대동금속,2010-10-08,5870,6573,11.976149914821125
신라교역,2000-08-17,3000,2783,-7.233333333333333
아이디스홀딩스,2016-06-01,16650,16550,-0.6006006006006006
한샘,2021-02-09,107000,108500,1.4018691588785046
한샘,2023-01-10,48150,48500,0.726895119418484
바이오니아,2007-07-25,4684,4842,3.3731853116994026
바이오니아,2020-03-02,7120,7050,-0.9831460674157303
바이오니아,2023-04-06,50600,50800,0.3952569169960474
강원랜드,2015-07-09,38800,38650,-0.3865979381443299
조광피혁,2000-08-17,4080,3865,-5.269607843137255
조광피혁,2002-05-24,8010,7860,-1.8726591760299627
APS,2011-08-18,11921,10543,-11.559432933478735
파나케이아,2009-09-08,19760,19673,-0.44028340080971656
웨이브일렉트로,2015-11-30,23700,24526,3.4852320675105486
제일파마홀딩스,2010-12-03,11390,11183,-1.8173836698858647
청호ICT,2000-08-17,15168,15168,0.0
청호ICT,2009-03-17,12377,12479,0.8241092348711319
타스컴,2022-08-16,18800,18500,-1.5957446808510638
파세코,2012-12-14,1660,1620,-2.4096385542168677
파세코,2020-04-06,6720,6622,-1.4583333333333333
하이소닉,2013-02-13,35538,37039,4.223647926163544
제이엠멀티,2023-05-08,3745,3185,-14.953271028037381
미래엔에듀파트너,2015-08-27,3930,3710,-5.597964376590331
미래엔에듀파트너,2016-08-03,3490,2970,-14.899713467048711
현대바이오랜드,2009-10-14,6600,6575,-0.3787878787878788
STX엔진,2017-07-21,17700,17850,0.847457627118644
에이티넘인베스트,2008-07-28,1007,969,-3.7735849056603774
에이티넘인베스트,2016-07-14,2035,2035,0.0
정원엔시스,2012-07-03,753,680,-9.694555112881806
옴니시스템,2013-07-16,1648,1583,-3.9441747572815538
옴니시스템,2019-11-04,1672,1709,2.2129186602870816
HLB제약,2019-04-05,6430,6650,3.421461897356143
풍국주정,2000-08-28,2915,2893,-0.7547169811320755
원일특강,2000-05-12,4862,4501,-7.424928013163306
케이엘넷,2017-02-22,2920,2885,-1.1986301369863013
화신,2024-02-05,13000,12460,-4.153846153846154
HLB글로벌,2021-06-04,14000,12700,-9.285714285714286
한성크린텍,2003-07-31,257438,267928,4.074767516839006
한성크린텍,2023-07-31,3670,3625,-1.226158038147139
디아이동일,2000-08-17,1181,1168,-1.100762066045724
예림당,2003-07-03,2190,2270,3.65296803652968
예림당,2017-05-08,6210,6100,-1.7713365539452495
광동헬스바이오,2021-08-17,2390,2390,0.0
삼성제약,2003-02-27,5057,4705,-6.960648605892822
뉴인텍,2015-12-07,4205,4444,5.683709869203329
차바이오텍,2008-09-19,3035,3135,3.2948929159802307
일진홀딩스,2002-07-10,1524,1375,-9.776902887139109
일진홀딩스,2009-02-16,2660,2485,-6.578947368421052
라온시큐어,2010-09-07,3953,3678,-6.956741715153049
캠시스,2011-09-07,1320,1310,-0.7575757575757576
한올바이오파마,2001-10-16,981,986,0.509683995922528
이엔에프테크놀로지,2010-09-02,9500,9400,-1.0526315789473684
에스티큐브,2009-03-20,6478,6981,7.764742204384069
에스티큐브,2016-06-14,8080,7527,-6.844059405940595
에스티큐브,2023-04-03,17300,18360,6.127167630057803
수성웹툰,2020-10-21,720,695,-3.4722222222222223
세아제강지주,2000-09-21,5524,5524,0.0
에스알바이오텍,2023-01-25,5990,6760,12.85475792988314
에스알바이오텍,2023-06-19,5590,5460,-2.3255813953488373
에스알바이오텍,2023-09-01,4995,4995,0.0
프로이천,2023-05-19,3160,3080,-2.5316455696202533
넥스턴바이오,2021-09-08,41516,37865,-8.794199826572887
액토즈소프트,2023-01-05,8160,8120,-0.49019607843137253
텔레칩스,2024-02-16,31600,30550,-3.322784810126582
케스피온,2016-07-14,3680,3719,1.059782608695652
제이씨현시스템,2016-01-06,4900,4920,0.40816326530612246
아센디오,2006-04-07,22964786,22096696,-3.7800918327738824
아센디오,2008-01-16,2320651,2200475,-5.178546881887884
아센디오,2014-11-18,30028,28681,-4.48581324097509
포메탈,2020-07-07,3030,3065,1.155115511551155
포메탈,2021-06-03,5100,5270,3.3333333333333335
인스코비,2006-01-27,9716,9444,-2.799505969534788
인스코비,2013-07-05,2190,2190,0.0
제넨바이오,2012-07-17,30970,30745,-0.7265095253471101
파라다이스,2017-04-03,14550,14600,0.3436426116838488
우리엔터프라이즈,2000-05-08,2001,2242,12.043978010994502
랩지노믹스,2021-08-25,5273,5625,6.675516783614641
SNT에너지,2018-06-26,5546,5564,0.32455824017309776
EDGC,2022-03-25,3863,3826,-0.9578048149106911
큐리언트,2018-01-02,13343,13922,4.339353968372929
큐리언트,2024-03-04,4270,4255,-0.351288056206089
엔에스컴퍼니,2021-09-09,9040,7690,-14.933628318584072
한국주강,2001-08-09,740,704,-4.864864864864865
알톤,2014-07-04,8821,9150,3.729735857612516
오리엔탈정공,2003-07-02,20450,20240,-1.0268948655256724
오리엔탈정공,2009-03-20,115956,116377,0.363068750215599
한국팩키지,2000-04-20,1400,1235,-11.785714285714285
HD현대인프라코어,2001-08-06,1921,1934,0.676730869338886
풍강,2019-11-05,3470,3470,0.0
풍강,2020-07-13,2855,3140,9.98248686514886
코스맥스비티아이,2011-09-22,15708,14835,-5.557677616501146
혜인,2013-08-05,4300,4260,-0.9302325581395349
TS인베스트먼트,2024-02-16,1395,1397,0.14336917562724014
에이직랜드,2024-02-16,53300,51500,-3.377110694183865
네오팜,2012-11-05,7870,7300,-7.242693773824651
바이오스마트,2010-11-15,2000,1900,-5.0
플루토스,2004-08-13,3161,2956,-6.485289465359063
플루토스,2007-07-25,10821,11292,4.352647629609093
플루토스,2008-01-23,4328,4352,0.5545286506469501
플루토스,2008-03-05,4187,4211,0.5732027704800574
플루토스,2010-10-12,670,660,-1.4925373134328357
플루토스,2016-09-08,4376,4376,0.0
플루토스,2019-04-04,904,915,1.2168141592920354
나이벡,2020-03-06,11300,10400,-7.964601769911504
일동홀딩스,2001-10-15,1481,1448,-2.2282241728561782
일동홀딩스,2015-04-03,20033,19761,-1.3577596965007737
바이오로그디바이스,2016-03-11,2930,2970,1.3651877133105803
바이오로그디바이스,2023-08-22,1130,1280,13.274336283185843
대동스틸,2008-07-22,5340,6140,14.981273408239701
대동스틸,2012-04-27,4105,4265,3.8976857490864796
대동스틸,2013-08-09,3910,3975,1.6624040920716114
웰바이오텍,2007-05-18,12017,11847,-1.4146625613713906
웰바이오텍,2016-04-22,2370,2340,-1.2658227848101267
케이씨피드,2016-06-15,2883,2860,-0.7977800901838363
케이씨피드,2019-06-07,2585,2585,0.0
신세계건설,2014-11-12,25000,25000,0.0
솔본,2005-11-24,5130,4990,-2.729044834307992
솔본,2010-04-26,3790,4000,5.540897097625329
솔본,2015-02-27,4815,4725,-1.8691588785046727
솔본,2023-01-06,3870,3880,0.2583979328165375
대신정보통신,2012-05-08,745,855,14.76510067114094
대신정보통신,2017-02-03,2910,2710,-6.872852233676976
대신정보통신,2022-10-11,1310,1340,2.2900763358778624
티웨이홀딩스,2011-06-02,1231,1395,13.322502030869213
원익QnC,2013-10-08,4556,4636,1.755926251097454
원익QnC,2021-02-17,20800,20100,-3.3653846153846154
에스에프에이,2005-06-24,6833,6706,-1.8586272501097616
에스에프에이,2009-02-05,8509,8967,5.382536138206604
로지시스,2018-09-04,4030,4035,0.12406947890818859
케어랩스,2020-06-19,10328,11290,9.3144848954299
클래시스,2023-08-07,32750,32450,-0.9160305343511451
일양약품,2009-05-19,29234,28475,-2.5962919887801874
한화솔루션,2003-01-13,4756,4756,0.0
화승코퍼레이션,2000-08-14,416,416,0.0
대원전선,2000-08-22,530,533,0.5660377358490566
에스에이티이엔지,2023-05-16,4410,4445,0.7936507936507936
상지건설,2007-07-31,31655,29923,-5.471489496130153
상지건설,2008-03-24,27713,27713,0.0
상지건설,2008-06-12,29087,28549,-1.8496235431636125
서산,2005-11-25,660,635,-3.787878787878788
서산,2013-04-24,1582,1618,2.275600505689001
에스앤에스텍,2012-10-24,3560,3450,-3.089887640449438
에스앤에스텍,2023-07-17,58600,58600,0.0
켐트로닉스,2022-02-08,28700,28450,-0.8710801393728222
제룡전기,2000-05-04,3724,3475,-6.686358754027927
제룡전기,2001-04-06,1613,1421,-11.90328580285183
오르비텍,2011-12-09,3317,3313,-0.12059089538739826
서연,2005-04-08,898,890,-0.8908685968819599
자이글,2023-05-22,22700,23250,2.4229074889867843
드림시큐리티,2019-10-25,3950,3725,-5.69620253164557
드림시큐리티,2020-11-23,4225,4305,1.8934911242603552
에스메디,2018-02-22,3568,3394,-4.876681614349776
한화엔진,2022-02-24,7178,7452,3.817219281136807
메가엠디,2020-03-31,4600,3895,-15.32608695652174
GS글로벌,2020-07-17,1775,1750,-1.4084507042253522
SGA솔루션즈,2023-04-04,1013,1017,0.3948667324777887
코오롱,2012-08-10,24350,24250,-0.41067761806981523
한국선재,2008-04-16,2732,2732,0.0
한국선재,2016-02-19,3920,4030,2.806122448979592
한국선재,2016-09-22,3885,3855,-0.7722007722007722
동양이엔피,2015-11-18,13250,13800,4.150943396226415
성문전자,2001-05-28,961,917,-4.578563995837669
성문전자,2002-11-15,839,817,-2.622169249106079
성문전자,2009-03-19,1195,1190,-0.41841004184100417
성문전자,2013-07-12,1855,1980,6.738544474393531
성문전자,2015-11-16,2070,2005,-3.140096618357488
성문전자,2021-11-22,2740,2670,-2.5547445255474455
KEC,2020-06-22,772,761,-1.4248704663212435
티씨케이,2008-02-18,14500,16650,14.827586206896552
코리안리,2001-05-04,612,635,3.758169934640523
프럼파스트,2005-07-11,930,926,-0.43010752688172044
우리산업홀딩스,2004-10-21,1136,1113,-2.024647887323944
우리산업홀딩스,2009-10-23,1446,1449,0.2074688796680498
예스티,2024-01-24,17730,16900,-4.681331077270164
아톤,2024-01-24,4615,4575,-0.8667388949079089
크라운해태홀딩스,2002-07-19,2024,1978,-2.272727272727273
한국캐피탈,2007-09-05,1811,1886,4.141358365543899
한국캐피탈,2011-04-11,469,455,-2.9850746268656714
상상인증권,2012-09-18,1165,1156,-0.7725321888412017
상상인증권,2015-01-30,1290,1483,14.96124031007752
BF랩스,2020-10-29,1025,1225,19.51219512195122
아즈텍WB,2014-10-21,2300,2485,8.043478260869565
아즈텍WB,2016-07-21,3385,3300,-2.511078286558346
갤럭시아에스엠,2005-12-12,2010,2100,4.477611940298507
갤럭시아에스엠,2012-06-26,2750,2920,6.181818181818182
진흥기업,2003-02-25,2601,2545,-2.153018069973087
케이씨티,2014-01-23,2700,2675,-0.9259259259259258
서울리거,2023-07-21,923,919,-0.43336944745395445
케이엠더블유,2014-04-07,8625,8843,2.5275362318840577
금강철강,2005-04-25,1605,1615,0.6230529595015576
금강철강,2016-05-17,4845,4620,-4.643962848297214
서한,2001-07-12,31542,30547,-3.15452412656141
서한,2007-07-26,795,730,-8.176100628930817
삼진엘앤디,2010-03-31,1912,1936,1.2552301255230125
삼진엘앤디,2010-07-19,2360,2428,2.8813559322033897
삼진엘앤디,2018-05-29,2875,3040,5.739130434782608
한국정보공학,2010-12-24,3230,3270,1.238390092879257
한국정보공학,2020-07-01,2920,2945,0.8561643835616438
현대에버다임,2008-05-09,7580,7900,4.221635883905013
이수화학,2000-08-17,3420,3420,0.0
이수화학,2020-07-20,4650,4660,0.21505376344086022
동일기연,2005-11-16,1662,1720,3.489771359807461
동일기연,2007-02-07,3319,3261,-1.7475143115396206
동일기연,2009-05-20,5190,5079,-2.138728323699422
동운아나텍,2020-06-22,5288,5150,-2.6096822995461424
KD,2015-09-16,4809,4515,-6.11353711790393
KB오토시스,2001-04-26,3210,3138,-2.2429906542056073
KB오토시스,2015-09-17,5260,5260,0.0
KIB플러그에너지,2007-09-03,2968,2977,0.3032345013477089
쎄트렉아이,2017-02-22,18341,18543,1.1013576140886538
쎄트렉아이,2021-03-30,63300,61800,-2.3696682464454977
신원,2000-08-17,4241,4832,13.93539259608583
신원,2006-02-21,2280,2250,-1.3157894736842104
신원,2014-08-25,2260,2290,1.3274336283185841
제노레이,2020-06-26,10150,9720,-4.236453201970444
이오테크닉스,2002-02-25,4302,4527,5.230125523012552
이오테크닉스,2014-12-22,109600,109300,-0.2737226277372263
세원물산,2006-05-25,8274,8455,2.187575537829345
에이티세미콘,2022-05-03,2060,2100,1.9417475728155338
다이나믹디자인,2018-01-03,53011,50418,-4.8914376261530625
특수건설,2000-08-23,1797,1589,-11.5748469671675
특수건설,2001-04-16,1692,1692,0.0
특수건설,2001-07-19,2015,1903,-5.558312655086849
특수건설,2007-11-23,19265,22126,14.850765637165845
특수건설,2014-03-19,4270,4322,1.2177985948477752
특수건설,2019-11-05,5517,5801,5.147725212978068
한국경제TV,2014-07-04,2230,2270,1.7937219730941705
롯데칠성음료,2000-08-16,9501,9741,2.5260498894853174
이구산업,2000-08-16,788,798,1.2690355329949239
대주전자재료,2011-03-24,13792,14679,6.431264501160093
동성제약,2015-07-02,6990,7270,4.005722460658083
비케이홀딩스,2006-11-06,4400,4315,-1.9318181818181817
대한항공,2015-01-30,27507,27073,-1.5777802014032793
신흥에스이씨,2020-09-15,9050,8830,-2.430939226519337
우수AMS,2012-05-17,1734,1478,-14.763552479815456
DSC인베스트먼트,2021-01-27,4255,4147,-2.5381903642773205
디아이,2013-03-08,5850,6720,14.871794871794872
메디프론,2004-06-25,2598,2637,1.5011547344110854
코엔텍,2005-08-11,1280,1300,1.5625
코엔텍,2009-02-04,1250,1220,-2.4
코엔텍,2009-10-27,1455,1405,-3.436426116838488
한라IMS,2012-04-04,4173,4067,-2.5401389887371195
한라IMS,2016-09-26,10667,10767,0.9374707040404988
DN오토모티브,2000-08-17,3694,3709,0.4060638873849486
수프로,2018-09-04,4300,4000,-6.976744186046512
수프로,2021-05-07,2495,2500,0.2004008016032064
세방전지,2003-08-19,1960,1895,-3.316326530612245
세방전지,2013-07-01,55500,55900,0.7207207207207207
평화산업,2018-03-22,2658,2748,3.3860045146726865
CS홀딩스,2001-08-10,12183,12125,-0.4760732167774768
세토피아,2016-11-28,12428,11161,-10.194721596395237
이앤에치,2020-07-31,5900,5900,0.0
티케이지휴켐스,2012-11-09,25900,26150,0.9652509652509652
진양화학,2012-01-30,1606,1699,5.790784557907846
대성파인텍,2015-06-23,1200,1162,-3.166666666666667
에쎈테크,2006-01-11,655,666,1.6793893129770994
에쎈테크,2006-02-09,661,594,-10.136157337367626
에쎈테크,2007-03-02,933,872,-6.538049303322616
도부마스크,2019-02-15,495,498,0.6060606060606061
도부마스크,2019-11-15,485,470,-3.0927835051546393
도부마스크,2023-02-10,939,910,-3.08839190628328
삼보산업,2010-09-17,2669,2495,-6.519295616335706
한국전자인증,2017-02-22,6560,6480,-1.2195121951219512
한국전자인증,2018-03-12,8720,8830,1.261467889908257
유신,2007-01-12,11500,13200,14.782608695652174
유신,2023-08-24,35150,35000,-0.42674253200568996
애머릿지,2015-05-26,7287,8374,14.916975435707425
티사이언티픽,2005-08-01,5799,5893,1.6209691326090705
에이팩트,2021-08-27,5290,5243,-0.888468809073724
우원개발,2016-08-12,6500,6390,-1.6923076923076923
SUN&L,2000-06-01,2016,2034,0.8928571428571428
AP헬스케어,2015-01-22,429,444,3.4965034965034967
AP헬스케어,2017-01-02,3035,3085,1.6474464579901154
대우부품,2000-08-16,96002,91933,-4.238453365554884
대우부품,2005-11-15,49773,53188,6.861149619271492
대우부품,2006-06-15,62092,71359,14.92462797139728
CJ ENM,2011-09-08,282800,273200,-3.3946251768033946
에스넷,2023-01-06,5340,5430,1.6853932584269662
포바이포,2023-01-18,12850,12050,-6.22568093385214
세진티에스,2007-04-16,3490,3500,0.28653295128939826
케이비아이동국실업,2000-08-16,1755,1725,-1.7094017094017095
주성엔지니어링,2002-01-02,7048,6974,-1.04994324631101
주성엔지니어링,2009-03-25,10216,10401,1.8108848864526232
KB금융,2023-01-06,56700,57200,0.8818342151675485
위닉스,2003-10-20,2772,2585,-6.746031746031746
현대건설,2009-09-15,61297,61978,1.1109842243502945
현대건설,2018-03-12,42470,40476,-4.695078879208854
롯데정밀화학,2010-08-20,68400,69000,0.8771929824561403
롯데정밀화학,2020-07-07,41350,46050,11.366384522370012
더테크놀로지,2005-01-19,6153,6232,1.283926539899236
더테크놀로지,2009-01-19,1790,1805,0.8379888268156425
더테크놀로지,2013-04-01,1900,1800,-5.263157894736842
부국철강,2021-09-03,6860,5800,-15.451895043731778
티비에이치글로벌,2011-03-29,20850,20950,0.4796163069544364
티비에이치글로벌,2015-04-03,18200,17900,-1.6483516483516485
티비에이치글로벌,2019-09-30,3100,3035,-2.0967741935483875
알티캐스트,2022-10-07,2000,1880,-6.0
한국정보인증,2018-03-09,6920,6900,-0.2890173410404624
판타지오,2006-06-13,15344,15712,2.398331595411887
오공,2006-10-16,1131,1093,-3.359858532272325
오공,2014-05-14,4076,4129,1.3002944062806674
케이피에프,2006-01-09,5760,5800,0.6944444444444444
케이피에프,2020-07-13,3925,3855,-1.78343949044586
뉴프렉스,2009-11-17,2557,2547,-0.3910833007430583
인팩,2005-04-08,1310,1240,-5.343511450381679
흥아해운,2002-04-12,3386,3122,-7.796810395747195
에스제이켐,2023-08-11,487,414,-14.989733059548255
에스제이켐,2023-08-31,463,473,2.159827213822894
에스제이켐,2024-01-18,438,479,9.360730593607306
에스제이켐,2024-03-04,469,465,-0.8528784648187633
삼화네트웍스,2019-11-04,1535,1550,0.9771986970684038
동진쎄미켐,2002-01-02,1750,1690,-3.428571428571429
동진쎄미켐,2019-09-04,14550,15550,6.872852233676976
동진쎄미켐,2020-09-15,34450,32900,-4.499274310595065
강원에너지,2011-12-16,4385,4295,-2.0524515393386547
글로본,2007-05-18,31604,31295,-0.9777243386913048
글로본,2015-08-06,4095,4510,10.134310134310134
CMG제약,2005-05-26,2113,2088,-1.183151916706105
CMG제약,2018-03-12,7238,7209,-0.40066316662061346
CMG제약,2020-02-07,4150,4175,0.6024096385542169
성안머티리얼스,2023-03-17,1102,1084,-1.6333938294010888
플리토,2022-02-25,43500,43150,-0.8045977011494253
미래컴퍼니,2011-03-22,5198,5591,7.5606002308580225
지어소프트,2010-02-23,3460,3315,-4.190751445086705
지어소프트,2012-01-26,1385,1400,1.083032490974729
지어소프트,2019-06-14,8950,9000,0.5586592178770949
에스엔유,2010-12-01,12977,12788,-1.4564229020574864
백광산업,2001-04-30,1668,1916,14.86810551558753
백광산업,2018-01-16,3267,3261,-0.18365472910927455
이글루,2014-05-28,6890,6890,0.0
삼성공조,2009-07-21,7550,7500,-0.6622516556291391
한신공영,2008-01-07,29700,29050,-2.1885521885521886
지앤이헬스케어,2020-08-11,2100,2000,-4.761904761904762
한국석유공업,2023-04-05,11220,10670,-4.901960784313726
제주반도체,2015-08-04,8540,8800,3.0444964871194378
우신시스템,2010-05-24,2850,2820,-1.0526315789473684
제일바이오,2005-07-28,1152,1323,14.84375
제일바이오,2009-03-26,603,572,-5.140961857379768
인탑스,2015-03-03,9949,9773,-1.7690220122625389
케이씨에스,2011-08-26,1450,1570,8.275862068965518
케이프,2015-05-06,2370,2480,4.641350210970464
한솔홀딩스,2003-01-14,4494,4494,0.0
대창,2006-06-26,620,594,-4.193548387096775
대창,2010-11-16,1885,1790,-5.039787798408488
대창,2024-04-02,1427,1399,-1.9621583742116329
대한전선,2013-07-11,58783,59864,1.838967048296276
에스앤더블류,2010-03-09,5570,5560,-0.17953321364452424
에스앤더블류,2018-09-17,13800,15400,11.594202898550725
에스앤더블류,2020-12-24,2920,2900,-0.684931506849315
동일철강,2000-08-24,3037,3399,11.919657556799473
다우데이타,2009-10-06,3185,3360,5.4945054945054945
중앙에너비스,2009-03-10,2478,2443,-1.4124293785310735
중앙에너비스,2011-06-24,4165,4205,0.9603841536614646
오상자이엘,2009-06-24,6923,7036,1.6322403582262026
오상자이엘,2021-08-17,7176,7223,0.6549609810479375
위메이드맥스,2012-11-26,30295,30118,-0.5842548275292953
위메이드맥스,2015-01-23,26708,27283,2.152912984873446
위메이드맥스,2023-04-07,16820,15940,-5.231866825208085
글로벌에스엠,2015-01-28,978,929,-5.010224948875256
신원종합개발,2005-09-23,4450,4425,-0.5617977528089888
신원종합개발,2012-04-23,2410,2300,-4.564315352697095
나우코스,2022-07-21,6430,6380,-0.7776049766718507
나우코스,2023-06-16,5350,5210,-2.6168224299065423
대화제약,2022-09-15,8180,10250,25.305623471882637
대화제약,2024-04-23,11250,11110,-1.2444444444444445
에이텍,2005-09-08,1285,1285,0.0
에이텍,2020-06-25,12950,12850,-0.7722007722007722
삼천당제약,2009-02-02,1940,1945,0.25773195876288657
파워로직스,2012-08-21,4630,4605,-0.5399568034557235
한미반도체,2006-01-13,1366,1366,0.0
한미반도체,2012-08-21,1130,1156,2.3008849557522124
하이비젼시스템,2014-04-04,10700,10600,-0.9345794392523363
제이스텍,2023-01-10,8330,8480,1.800720288115246
지니언스,2020-09-17,5470,5260,-3.8391224862888484
제노텍,2019-11-04,1595,1590,-0.3134796238244514
신시웨이,2024-02-13,12450,12700,2.0080321285140563
엔솔바이오사이언스,2023-04-11,13400,13460,0.44776119402985076
에스유홀딩스,2017-07-20,7020,7600,8.262108262108262
에스유홀딩스,2022-09-20,1265,1270,0.3952569169960474
한국제지,2005-05-25,6628,6664,0.5431502715751357
한국제지,2017-03-02,2269,2176,-4.098721903922433
아이에이치큐,2000-10-12,834102,959215,14.99972425434779
아이에이치큐,2009-07-01,75635,74959,-0.8937661135717592
스마트솔루션즈,2016-06-01,2588,2551,-1.4296754250386399
스마트솔루션즈,2019-07-25,2456,2423,-1.3436482084690555
안지오랩,2017-11-07,6910,6500,-5.933429811866859
일신석재,2000-11-21,3864,4442,14.958592132505174
일신석재,2011-12-27,970,979,0.9278350515463918
한솔피엔에스,2005-08-24,1512,1738,14.947089947089948
한솔피엔에스,2010-06-21,2327,2361,1.461108723678556
금양,2007-07-25,829,820,-1.0856453558504222
삼일기업공사,2002-05-23,900,860,-4.444444444444445
삼일기업공사,2021-08-17,9610,9360,-2.6014568158168574
삼일씨엔에스,2020-11-23,10550,10500,-0.47393364928909953
DB,2002-05-24,718,707,-1.532033426183844
DB,2023-06-05,2100,2135,1.6666666666666667
에쓰씨엔지니어링,2000-08-17,473,473,0.0
에쓰씨엔지니어링,2014-07-02,923,925,0.21668472372697722
블레이드 Ent,2005-04-01,2820,2750,-2.4822695035460995
블레이드 Ent,2012-01-06,1640,1655,0.9146341463414633
파루,2009-07-22,4527,4642,2.540313673514469
파루,2015-07-21,3606,3615,0.24958402662229617
파루,2020-10-28,3005,3000,-0.16638935108153077
콤텍시스템,2014-03-26,905,914,0.9944751381215469
일성건설,2007-11-29,1440,1325,-7.986111111111111
일성건설,2012-04-06,554,530,-4.332129963898916
국보디자인,2003-07-28,4767,4767,0.0
국보디자인,2006-01-20,3460,3050,-11.849710982658959
국보디자인,2012-03-29,8020,8340,3.99002493765586
STX중공업,2020-01-03,3160,3040,-3.79746835443038
STX중공업,2021-06-28,7640,9930,29.973821989528798
진바이오텍,2009-01-30,1715,1700,-0.8746355685131195
진바이오텍,2016-03-04,5110,4950,-3.131115459882583
아이에스동서,2001-05-03,1374,1580,14.992721979621543
아이에스동서,2019-04-05,33500,33600,0.2985074626865672
엠젠솔루션,2004-10-19,185500,187273,0.9557951482479784
엠젠솔루션,2015-11-04,8338,8288,-0.5996641880546894
엠젠솔루션,2018-01-11,10881,10476,-3.722084367245657
코콤,2009-09-16,2520,2510,-0.3968253968253968
KH 전자,2016-05-31,27690,27945,0.9209100758396532
켐트로스,2017-09-06,6480,6570,1.3888888888888888
나노캠텍,2018-06-26,7590,7500,-1.185770750988142
체시스,2020-07-01,2623,2919,11.284788410217308
체시스,2022-05-30,1335,1345,0.7490636704119851
씨앗,2017-07-31,5100,4500,-11.76470588235294
씨앗,2019-11-04,1895,1795,-5.277044854881266
스틱인베스트먼트,2008-04-23,1840,1800,-2.1739130434782608
스틱인베스트먼트,2012-11-26,2830,2820,-0.35335689045936397
코나아이,2021-08-06,44000,43000,-2.272727272727273
갤럭시아머니트리,2009-03-09,2875,2870,-0.17391304347826086
갤럭시아머니트리,2009-03-20,2919,2943,0.8221993833504625
삼천리자전거,2009-01-07,6344,6895,8.685372005044137
삼천리자전거,2015-07-13,25450,25650,0.7858546168958742
DL,2004-01-30,35512,34157,-3.815611624239694
DL,2022-08-03,67000,67000,0.0
젬백스,2015-05-14,21500,24700,14.883720930232558
알에프세미,2008-03-24,4027,4000,-0.6704742984852247
알에프세미,2012-11-06,10950,10800,-1.36986301369863
알에프세미,2020-11-23,5630,5720,1.5985790408525755
원풍물산,2006-04-07,844,906,7.345971563981042
모토닉,2000-08-22,1025,1030,0.4878048780487805
유니포인트,2016-05-25,26500,22550,-14.90566037735849
유니포인트,2018-09-05,16900,17000,0.591715976331361
아이톡시,2006-04-27,13880,14858,7.046109510086455
신화콘텍,2016-09-30,6731,6867,2.0205021542118553
신화콘텍,2021-08-19,5660,5250,-7.243816254416961
에이디칩스,2002-05-13,17950,19343,7.760445682451253
에이디칩스,2013-02-20,1864,1828,-1.9313304721030045
NHN벅스,2010-02-17,13550,13050,-3.6900369003690034
NHN벅스,2010-10-22,9270,9200,-0.7551240560949299
화천기공,2000-06-01,15307,14925,-2.4955902528255045
화천기공,2000-07-14,13394,11786,-12.005375541287142
화천기공,2005-05-23,9375,9375,0.0
CJ씨푸드,2011-03-08,3630,3500,-3.581267217630854
에이프로,2022-03-02,18400,18500,0.5434782608695652
비덴트,2021-02-10,9030,9120,0.9966777408637874
비덴트,2021-10-19,10500,11400,8.571428571428571
에이테크솔루션,2010-06-23,25250,25200,-0.19801980198019803
뉴지랩파마,2017-04-20,6250,7275,16.400000000000002
디지아이,2006-01-25,10032,9576,-4.545454545454546
디지아이,2015-06-01,3120,3110,-0.3205128205128205
이베스트투자증권,2008-02-22,15140,15051,-0.5878467635402906
삼진,2019-02-14,4674,4674,0.0
인크로스,2017-02-10,10859,11249,3.591490929183166
인크로스,2019-06-11,15955,15924,-0.19429645879034785
미코,2006-11-06,4385,4385,0.0
미코,2010-03-03,2290,2310,0.8733624454148471
미코,2023-09-04,12630,12130,-3.95882818685669
서진시스템,2018-03-12,8967,8909,-0.6468161034905766
서진시스템,2019-07-02,13592,13417,-1.2875220718069453
모두투어,2015-08-28,27514,28315,2.911245184269826
코셋,2015-08-10,4200,4500,7.142857142857142
코셋,2018-08-10,1695,1445,-14.749262536873156
코셋,2020-07-21,1610,1850,14.906832298136646
코셋,2022-07-27,2150,2235,3.953488372093023
와이엠,2006-04-03,811,776,-4.315659679408138
제넥신,2015-03-17,23097,23606,2.203749404684591
제넥신,2017-11-07,34900,34864,-0.10315186246418338
엔씨소프트,2017-03-15,297500,296500,-0.33613445378151263
로보티즈,2022-02-25,26350,26000,-1.3282732447817838
우성,2019-03-20,29950,29600,-1.1686143572621035
하이록코리아,2017-04-24,21550,21900,1.6241299303944314
바른손,2005-04-04,11178,12724,13.830738951511897
바른손,2014-05-27,5217,4481,-14.107724746022617
바른손,2015-11-19,2379,2320,-2.480033627574611
케이엔제이,2020-06-29,9180,9380,2.178649237472767
키네마스터,2019-09-03,6823,6590,-3.414920123113
RFHIC,2021-06-03,38100,38700,1.574803149606299
쌍용정보통신,2019-02-08,1208,1227,1.5728476821192054
에프에스티,2019-07-17,8060,8250,2.357320099255583
크로넥스,2020-01-02,3850,3960,2.857142857142857
뷰웍스,2011-12-09,9400,9970,6.0638297872340425
이루온,2009-03-18,840,775,-7.738095238095238
아이진,2018-03-12,17103,16687,-2.4323218148862775
앱클론,2022-10-21,18050,17800,-1.3850415512465373
바른손이앤에이,2007-11-22,2100,1870,-10.952380952380953
시큐브,2012-04-26,661,686,3.7821482602118004
유니켐,2001-07-13,277016,261818,-5.486325699598579
루트락,2023-01-20,1985,2225,12.090680100755668
보령,2001-01-04,710,720,1.4084507042253522
파인디지털,2009-09-17,2850,2900,1.7543859649122806
파인디지털,2012-11-26,7100,6830,-3.8028169014084505
로보쓰리에이아이,2018-05-30,5000,4975,-0.5
디지털대성,2004-09-09,1802,1665,-7.602663706992232
디지털대성,2005-11-25,4568,4277,-6.370402802101577
동일고무벨트,2015-07-20,13792,13879,0.630800464037123
헬릭스미스,2018-04-05,129132,129776,0.49871449369637266
해성옵틱스,2018-09-20,2645,2549,-3.6294896030245742
후성,2007-08-23,5996,5461,-8.922615076717811
KH바텍,2007-05-28,6176,6015,-2.606865284974093
동양,2008-02-22,48616,49632,2.0898469639624815
나노엔텍,2017-12-28,5950,5980,0.5042016806722689
에스엘,2015-05-22,15663,15862,1.2705101193896444
레드캡투어,2001-01-12,32050,35850,11.856474258970358
대유,2023-01-04,3850,3795,-1.4285714285714286
쎄니트,2003-10-27,6966,6752,-3.07206431237439
쎄니트,2012-07-30,468,460,-1.7094017094017095
현대제철,2003-08-18,6900,7400,7.246376811594203
현대제철,2010-02-24,88200,88400,0.22675736961451248
에코캡,2020-07-15,1782,1768,-0.7856341189674524
삼일,2000-05-15,4120,3700,-10.194174757281553
유진기업,2005-06-01,4210,4295,2.019002375296912
효성화학,2020-09-08,114000,123000,7.894736842105263
효성화학,2021-08-31,386000,376500,-2.461139896373057
커넥트웨이브,2015-05-27,5929,6030,1.7034913138809245
커넥트웨이브,2020-06-19,28950,28800,-0.5181347150259068
메지온,2013-02-20,6726,6843,1.7395182872435324
국도화학,2005-11-16,11892,12008,0.9754456777665658
휴니드테크놀러지스,2006-01-18,10250,9700,-5.365853658536586
홈센타홀딩스,2020-09-15,1219,1201,-1.4766201804757997
일진디스플,2012-02-16,10207,10528,3.1449005584402863
사람인,2016-09-22,16400,16700,1.8292682926829267
서울제약,2017-05-08,12403,12345,-0.4676287994839958
코웰패션,2015-08-28,3500,3240,-7.428571428571429
메이슨캐피탈,2015-11-18,953,1237,29.800629590766004
아스트,2019-11-18,9590,9230,-3.7539103232533892
에이치케이,2003-06-23,600,670,11.666666666666666
에이치케이,2007-02-08,1880,1870,-0.5319148936170213
신일제약,2012-04-20,2082,1983,-4.755043227665706
신일제약,2020-03-04,7093,7212,1.6777104187226843
한화손해보험,2009-07-21,10208,10396,1.841692789968652
인지디스플레,2002-03-07,4350,4470,2.7586206896551726
인지디스플레,2005-10-26,1700,1640,-3.5294117647058822
와이엠티,2019-10-18,17700,17875,0.9887005649717515
SM C&C,2017-04-03,2210,2185,-1.1312217194570136
영진약품,2002-01-08,1189,1219,2.5231286795626575
카나리아바이오,2020-09-15,1018,1008,-0.9823182711198428
에코바이오,2011-08-17,5452,5500,0.880410858400587
지에스이,2012-05-09,1995,1935,-3.007518796992481
SIMPAC,2005-09-29,1350,1370,1.4814814814814816
JW신약,2010-12-10,3802,3716,-2.261967385586533
JW신약,2011-09-05,4406,4091,-7.149341806627326
JW신약,2011-12-22,7272,7162,-1.5126512651265127
테크엔,2022-10-24,697,747,7.173601147776183
세원정공,2019-06-07,9977,10795,8.198857371955498
에스퓨얼셀,2021-08-30,37750,37750,0.0
대양금속,2010-02-22,124814,126406,1.275497940936113
티피씨글로벌,2015-06-24,3600,3545,-1.5277777777777777
서남,2023-07-28,4350,5000,14.942528735632186
웰크론,2015-07-16,5540,5680,2.527075812274368
토탈소프트,2011-04-08,1525,1505,-1.3114754098360655
세기상사,2011-08-18,7993,8423,5.379707243838359
케이피에스,2020-11-27,17800,17800,0.0
CNH,2000-11-09,2509,2463,-1.8333997608609007
CNH,2002-01-24,1779,1843,3.5975267003934794
CNH,2007-07-23,3500,3450,-1.4285714285714286
CNH,2014-06-13,1665,1740,4.504504504504505
파이오링크,2024-04-26,13660,13660,0.0
라닉스,2023-04-13,6120,6020,-1.6339869281045754
SM Life Design,2007-02-05,5550,5200,-6.306306306306306
화일약품,2002-12-06,1418,1433,1.0578279266572637
화일약품,2003-06-09,1083,1183,9.233610341643583
화일약품,2006-01-16,2707,2733,0.9604728481714074
화일약품,2020-03-26,2773,2543,-8.294266137756942
나눔테크,2018-10-04,4160,4160,0.0
녹원씨엔아이,2011-04-01,31184,28272,-9.338122113904566
녹원씨엔아이,2012-06-07,33370,33978,1.8219958046149236
씨티알모빌리티,2023-01-13,15500,15200,-1.935483870967742
세진중공업,2020-09-07,5792,7526,29.937845303867405
동국산업,2000-04-19,675,755,11.851851851851853
틸론,2016-01-29,17300,16050,-7.225433526011561
SNT다이내믹스,2010-05-03,15833,16908,6.789616623507863
인지소프트,2015-11-19,11850,11850,0.0
인지소프트,2019-07-23,33000,32600,-1.2121212121212122
엠벤처투자,2004-11-15,716,764,6.70391061452514
엠벤처투자,2005-09-23,904,880,-2.6548672566371683
스타리츠,2023-06-13,4000,3895,-2.625
노랑풍선,2021-09-15,16550,15350,-7.250755287009064
사조동아원,2008-05-16,3300,3335,1.0606060606060608
DB금융투자,2020-07-20,3580,3600,0.5586592178770949
코스텍시스,2023-05-10,17250,16925,-1.884057971014493
삼성에스디에스,2020-07-13,183500,184500,0.544959128065395
듀오백,2019-08-27,2885,2810,-2.5996533795493932
듀오백,2023-12-11,2700,2600,-3.7037037037037033
유니셈,2004-11-04,777,793,2.0592020592020592
유니셈,2020-03-06,6300,5920,-6.031746031746032
유니셈,2023-03-21,7010,7140,1.8544935805991443
유니셈,2023-05-22,8510,8580,0.8225616921269095
TCC스틸,2023-11-07,60300,58000,-3.814262023217247
위월드,2014-12-02,3990,3985,-0.12531328320802004
위월드,2015-12-23,3680,4230,14.945652173913043
위월드,2017-04-26,4600,3995,-13.152173913043477
위월드,2018-07-10,3000,3300,10.0
아바코,2018-01-02,7540,7600,0.7957559681697612
아바코,2022-10-06,13150,13250,0.7604562737642585
하이로닉,2017-06-02,5484,5616,2.4070021881838075
흥국화재,2005-04-04,4280,4177,-2.4065420560747666
정상제이엘에스,2004-02-19,2055,2000,-2.67639902676399
SG글로벌,2020-07-06,1560,1800,15.384615384615385
성우전자,2023-05-10,2995,3030,1.1686143572621035
한익스프레스,2001-03-30,670,671,0.1492537313432836
한익스프레스,2007-11-14,1680,1430,-14.880952380952381
한익스프레스,2019-06-12,7200,7130,-0.9722222222222222
한익스프레스,2023-01-17,5600,5610,0.17857142857142858
우리로,2017-03-28,2547,2726,7.0278759324695725
우리로,2023-01-10,1400,1345,-3.9285714285714284
덕성,2013-04-03,4150,4175,0.6024096385542169
덕성,2019-08-22,3565,3450,-3.225806451612903
세원이앤씨,2009-08-28,26655,27120,1.7445132245357344
엔케이맥스,2023-08-16,7615,7155,-6.040709126723572
엘리비젼,2021-12-20,683,667,-2.342606149341142
에이엔피,2021-09-29,2470,2455,-0.6072874493927125
삼성증권,2018-03-14,40800,40500,-0.7352941176470588
팬스타엔터프라이즈,2006-01-19,41173,40626,-1.3285405484176525
팬스타엔터프라이즈,2019-04-01,1175,1205,2.553191489361702
한국미라클피플사,2022-02-24,26150,22550,-13.766730401529637
골드앤에스,2001-07-05,39812,35126,-11.770320506379987
골드앤에스,2005-04-07,19423,18952,-2.4249600988518765
케이피엠테크,2023-03-29,433,434,0.23094688221709006
버킷스튜디오,2012-11-07,7497,6386,-14.819261037748433
버킷스튜디오,2021-09-10,2550,2790,9.411764705882353
DB하이텍,2002-01-28,7470,7360,-1.4725568942436411
미래산업,2002-03-06,58506,55471,-5.187502136533005
나라소프트,2023-03-16,80,80,0.0
하이트진로홀딩스,2015-06-25,15050,15000,-0.33222591362126247
한일철강,2011-09-05,1700,1690,-0.5882352941176471
비엘팜텍,2007-09-03,4345,4331,-0.3222094361334868
선광,2000-05-09,5840,6540,11.986301369863012
선광,2004-01-05,5600,5310,-5.178571428571429
아미코젠,2020-01-02,11680,11263,-3.570205479452055
HL홀딩스,2021-02-17,44300,43750,-1.2415349887133182
동아화성,2006-06-12,2600,2570,-1.153846153846154
동아화성,2021-08-10,14400,14000,-2.7777777777777777
현대엘리베이터,2003-12-16,24816,28510,14.88555770470664
동부건설,2000-08-18,66011,62943,-4.647710230113163
동부건설,2016-04-05,19592,19804,1.0820743160473663
고려제약,2009-10-27,3185,2890,-9.262166405023548
고려제약,2020-01-02,7490,7880,5.2069425901201605
서린바이오,2020-02-20,9096,9096,0.0
씨에스윈드,2017-08-29,13428,13357,-0.5287459040810247
코아스,2015-08-27,2720,2865,5.330882352941177
코아스,2015-11-18,2695,2955,9.647495361781075
오로라,2012-11-26,5870,5850,-0.34071550255536626
오로라,2019-07-12,13450,14150,5.204460966542751
감성코퍼레이션,2002-01-29,10175,9566,-5.985257985257985
감성코퍼레이션,2015-06-04,2096,2257,7.681297709923664
웨스트라이즈,2010-08-05,13416,12618,-5.948121645796064
파라텍,2016-12-01,4855,4847,-0.164778578784758
파라텍,2020-05-26,6360,5830,-8.333333333333332
SOOP,2004-11-18,1329,1321,-0.601956358164033
에스아이리소스,2005-06-14,39622,41495,4.7271717732572816
로지스몬,2021-01-21,350,298,-14.857142857142858
로지스몬,2023-11-15,530,451,-14.90566037735849
로지스몬,2024-03-14,589,585,-0.6791171477079796
한일현대시멘트,2005-11-25,133354,134624,0.9523523853802661
서울전자통신,2015-09-18,762,739,-3.0183727034120733
미래나노텍,2016-11-15,6100,6180,1.3114754098360655
글로벌텍스프리,2021-02-17,3250,3200,-1.5384615384615385
와이솔,2015-12-07,14011,14097,0.6138034401541645
덕산네오룩스,2019-08-14,17750,18450,3.943661971830986
키움증권,2024-01-31,96700,107600,11.271975180972078
한양디지텍,2014-11-10,2850,2760,-3.1578947368421053
아이오케이,2007-06-12,63685,62655,-1.6173353222893931
아이오케이,2013-03-28,4610,4610,0.0
나노,2016-06-01,4995,5057,1.2412412412412412
나노,2023-06-12,1318,1298,-1.5174506828528074
LG생활건강,2002-01-04,36000,34600,-3.888888888888889
LG생활건강,2020-10-07,1513000,1540000,1.784534038334435
엔텔스,2013-07-03,9668,10106,4.530409598676044
와토스코리아,2007-08-08,5968,5771,-3.300938337801609
와토스코리아,2012-08-09,4517,4381,-3.010847907903476
와토스코리아,2022-09-21,6380,6140,-3.761755485893417
씨티씨바이오,2022-02-28,9600,9690,0.9375
사조산업,2006-10-16,7590,7400,-2.503293807641634
오뚜기,2015-11-19,1056000,1051000,-0.4734848484848485
위지윅스튜디오,2023-01-18,4613,4563,-1.0838933448948622
자비스,2022-10-28,1776,1767,-0.5067567567567568
비비안,2000-11-28,2247,2172,-3.337783711615487
고려아연,2010-12-15,308500,303500,-1.6207455429497568
고려아연,2011-09-02,440000,430500,-2.159090909090909
바텍,2009-06-03,17350,17000,-2.0172910662824206
바텍,2014-04-02,15000,15000,0.0
다올투자증권,2002-01-29,4610,4090,-11.279826464208242
파트론,2012-08-14,8499,8535,0.4235792446170138
디와이,2009-10-12,3760,3595,-4.388297872340425
디와이,2022-03-21,9720,10350,6.481481481481481
CJ제일제당,2011-10-25,319500,333000,4.225352112676056
바디텍메드,2018-03-12,19750,19700,-0.25316455696202533
바디텍메드,2020-10-29,32900,31850,-3.1914893617021276
MDS테크,2007-11-13,1085,1075,-0.9216589861751152
삼화전자공업,2018-01-16,6669,6348,-4.81331533963113
삼영,2021-06-07,3170,3015,-4.889589905362776
지아이텍,2022-10-19,4385,4185,-4.561003420752566
태원물산,2000-11-30,1012,957,-5.434782608695652
태원물산,2001-01-05,1087,1083,-0.36798528058877644
태원물산,2018-06-18,5560,5240,-5.755395683453238
한탑,2009-03-24,1111,1116,0.45004500450045004
한탑,2019-03-29,2903,2948,1.550120564932828
NHN KCP,2015-07-02,17560,17396,-0.9339407744874715
티엔엔터테인먼트,2018-04-05,36050,36050,0.0
삼익악기,2002-07-26,1015,995,-1.9704433497536946
휴림에이텍,2006-06-07,2386,2064,-13.4953897736798
휴림에이텍,2010-11-15,1066,1039,-2.5328330206378986
휴림에이텍,2015-01-09,524,537,2.480916030534351
이수앱지스,2013-06-20,8797,8806,0.10230760486529498
이수앱지스,2018-04-09,14800,15100,2.027027027027027
코스모화학,2007-09-17,7670,7565,-1.3689700130378095
STX,2016-08-24,33112,35601,7.516912297656439
이녹스,2011-03-23,7924,7901,-0.29025744573447754
폴라리스AI,2011-07-19,1999,1995,-0.2001000500250125
SKC,2004-11-04,8700,9100,4.597701149425287
진원생명과학,2015-01-07,4388,4461,1.6636280765724702
대신증권,2016-02-01,11600,11450,-1.293103448275862
에스원,2010-05-18,49000,49300,0.6122448979591837
동국제약,2019-09-03,13453,13614,1.1967590871924476
고영,2015-02-25,9330,8980,-3.751339764201501
디씨엠,2001-07-30,5100,5250,2.941176470588235
디씨엠,2021-05-25,17650,17400,-1.41643059490085
대주이엔티,2019-05-16,2395,2590,8.1419624217119
대주이엔티,2021-09-17,1325,1305,-1.509433962264151
대주이엔티,2022-07-29,2205,2080,-5.6689342403628125
에스에이엠티,2021-09-17,5040,4920,-2.380952380952381
코데즈컴바인,2006-03-22,900205,898623,-0.17573774862392455
코데즈컴바인,2009-04-28,90013,102442,13.808005510315176
엘오티베큠,2006-09-04,2080,2092,0.576923076923077
엘오티베큠,2009-06-22,2312,2053,-11.20242214532872
SGA,2012-08-31,2072,2102,1.4478764478764479
성우하이텍,2011-05-27,14762,14954,1.3006367700853543
성우하이텍,2022-10-19,5780,5450,-5.709342560553633
성우하이텍,2024-02-02,9950,9770,-1.809045226130653
KC그린홀딩스,2013-07-15,9380,9890,5.437100213219616
신영와코루,2004-11-16,3920,3910,-0.25510204081632654
현대약품,2008-01-21,4081,3755,-7.988238176917423
영화금속,2007-07-27,1015,1015,0.0
영화금속,2013-03-22,1140,1145,0.43859649122807015
비유테크놀러지,2021-02-17,1653,1660,0.42347247428917123
인텔리안테크,2020-02-14,32670,34198,4.677073767982859
이노시스,2018-06-29,3190,3000,-5.956112852664576
이노시스,2021-06-21,969,978,0.9287925696594427
더존비즈온,2005-03-31,7700,8823,14.584415584415583
더존비즈온,2006-02-16,25506,24784,-2.830706500431271
한국큐빅,2007-02-06,2475,2571,3.878787878787879
한국큐빅,2014-08-29,2865,3164,10.43630017452007
한국큐빅,2020-07-10,2600,2595,-0.19230769230769232
한창제지,2002-06-14,3420,3930,14.912280701754385
한창제지,2009-03-26,1112,981,-11.780575539568346
삼성전기,2018-08-28,155500,160500,3.215434083601286
파워풀엑스,2020-07-24,1000,927,-7.3
좋은사람들,2015-06-10,3933,4143,5.339435545385203
좋은사람들,2019-08-16,8051,8704,8.110793690224817
